--------------------------------------------------------
--  파일이 생성됨 - 월요일-8월-20-2018   
--------------------------------------------------------
--------------------------------------------------------
--  DDL for Sequence ANNOUNCE_UPDATE_LOG_SEQ
--------------------------------------------------------

   CREATE SEQUENCE  "GRANDPRINGLES"."ANNOUNCE_UPDATE_LOG_SEQ"  MINVALUE 1 MAXVALUE 9999999999999999999 INCREMENT BY 1 START WITH 62 NOCACHE  NOORDER  NOCYCLE ;
--------------------------------------------------------
--  DDL for Sequence AUTHENTICATIONS_SEQ
--------------------------------------------------------

   CREATE SEQUENCE  "GRANDPRINGLES"."AUTHENTICATIONS_SEQ"  MINVALUE 1 MAXVALUE 9999999999999999999 INCREMENT BY 1 START WITH 1 NOCACHE  NOORDER  NOCYCLE ;
--------------------------------------------------------
--  DDL for Sequence BETTINGS_SEQ
--------------------------------------------------------

   CREATE SEQUENCE  "GRANDPRINGLES"."BETTINGS_SEQ"  MINVALUE 1 MAXVALUE 9999999999999999999 INCREMENT BY 1 START WITH 1 NOCACHE  NOORDER  NOCYCLE ;
--------------------------------------------------------
--  DDL for Sequence BOARDS_SEQ
--------------------------------------------------------

   CREATE SEQUENCE  "GRANDPRINGLES"."BOARDS_SEQ"  MINVALUE 1 MAXVALUE 9999999999999999999 INCREMENT BY 1 START WITH 13 NOCACHE  NOORDER  NOCYCLE ;
--------------------------------------------------------
--  DDL for Sequence CLAUSES_SEQ
--------------------------------------------------------

   CREATE SEQUENCE  "GRANDPRINGLES"."CLAUSES_SEQ"  MINVALUE 1 MAXVALUE 9999999999999999999 INCREMENT BY 1 START WITH 1 NOCACHE  NOORDER  NOCYCLE ;
--------------------------------------------------------
--  DDL for Sequence COMMENTS_SEQ
--------------------------------------------------------

   CREATE SEQUENCE  "GRANDPRINGLES"."COMMENTS_SEQ"  MINVALUE 1 MAXVALUE 9999999999999999999 INCREMENT BY 1 START WITH 18 NOCACHE  NOORDER  NOCYCLE ;
--------------------------------------------------------
--  DDL for Sequence DISCUSSIONS_SEQ
--------------------------------------------------------

   CREATE SEQUENCE  "GRANDPRINGLES"."DISCUSSIONS_SEQ"  MINVALUE 1 MAXVALUE 9999999999999999999 INCREMENT BY 1 START WITH 1 NOCACHE  NOORDER  NOCYCLE ;
--------------------------------------------------------
--  DDL for Sequence GAMES_SEQ
--------------------------------------------------------

   CREATE SEQUENCE  "GRANDPRINGLES"."GAMES_SEQ"  MINVALUE 1 MAXVALUE 9999999999999999999 INCREMENT BY 1 START WITH 1 NOCACHE  NOORDER  NOCYCLE ;
--------------------------------------------------------
--  DDL for Sequence GRANDPRIXES_SEQ
--------------------------------------------------------

   CREATE SEQUENCE  "GRANDPRINGLES"."GRANDPRIXES_SEQ"  MINVALUE 1 MAXVALUE 9999999999999999999 INCREMENT BY 1 START WITH 1 NOCACHE  NOORDER  NOCYCLE ;
--------------------------------------------------------
--  DDL for Sequence GRANDPRIX_NAMES_SEQ
--------------------------------------------------------

   CREATE SEQUENCE  "GRANDPRINGLES"."GRANDPRIX_NAMES_SEQ"  MINVALUE 1 MAXVALUE 9999999999999999999 INCREMENT BY 1 START WITH 18 NOCACHE  NOORDER  NOCYCLE ;
--------------------------------------------------------
--  DDL for Sequence LIKINGS_SEQ
--------------------------------------------------------

   CREATE SEQUENCE  "GRANDPRINGLES"."LIKINGS_SEQ"  MINVALUE 1 MAXVALUE 9999999999999999999 INCREMENT BY 1 START WITH 2 NOCACHE  NOORDER  NOCYCLE ;
--------------------------------------------------------
--  DDL for Sequence MANAGERS_SEQ
--------------------------------------------------------

   CREATE SEQUENCE  "GRANDPRINGLES"."MANAGERS_SEQ"  MINVALUE 1 MAXVALUE 999999999 INCREMENT BY 1 START WITH 1 NOCACHE  NOORDER  NOCYCLE ;
--------------------------------------------------------
--  DDL for Sequence MATCHS_SEQ
--------------------------------------------------------

   CREATE SEQUENCE  "GRANDPRINGLES"."MATCHS_SEQ"  MINVALUE 1 MAXVALUE 999999999 INCREMENT BY 1 START WITH 15 NOCACHE  NOORDER  NOCYCLE ;
--------------------------------------------------------
--  DDL for Sequence PARTICIPANT_APPLICATIONS_SEQ
--------------------------------------------------------

   CREATE SEQUENCE  "GRANDPRINGLES"."PARTICIPANT_APPLICATIONS_SEQ"  MINVALUE 1 MAXVALUE 999999999 INCREMENT BY 1 START WITH 1 NOCACHE  NOORDER  NOCYCLE ;
--------------------------------------------------------
--  DDL for Sequence PARTICIPANT_CONDITIONS_SEQ
--------------------------------------------------------

   CREATE SEQUENCE  "GRANDPRINGLES"."PARTICIPANT_CONDITIONS_SEQ"  MINVALUE 1 MAXVALUE 999999999 INCREMENT BY 1 START WITH 1 NOCACHE  NOORDER  NOCYCLE ;
--------------------------------------------------------
--  DDL for Sequence PARTICIPATIONS_SEQ
--------------------------------------------------------

   CREATE SEQUENCE  "GRANDPRINGLES"."PARTICIPATIONS_SEQ"  MINVALUE 1 MAXVALUE 999999999 INCREMENT BY 1 START WITH 1 NOCACHE  NOORDER  NOCYCLE ;
--------------------------------------------------------
--  DDL for Sequence POTATOCHIPS_SEQ
--------------------------------------------------------

   CREATE SEQUENCE  "GRANDPRINGLES"."POTATOCHIPS_SEQ"  MINVALUE 1 MAXVALUE 999999999 INCREMENT BY 1 START WITH 1 NOCACHE  NOORDER  NOCYCLE ;
--------------------------------------------------------
--  DDL for Sequence PRIXES_SEQ
--------------------------------------------------------

   CREATE SEQUENCE  "GRANDPRINGLES"."PRIXES_SEQ"  MINVALUE 1 MAXVALUE 999999999 INCREMENT BY 1 START WITH 12 NOCACHE  NOORDER  NOCYCLE ;
--------------------------------------------------------
--  DDL for Sequence PRIX_UPDATE_LOG_SEQ
--------------------------------------------------------

   CREATE SEQUENCE  "GRANDPRINGLES"."PRIX_UPDATE_LOG_SEQ"  MINVALUE 1 MAXVALUE 999999999 INCREMENT BY 1 START WITH 5 NOCACHE  NOORDER  NOCYCLE ;
--------------------------------------------------------
--  DDL for Sequence RECORDS_SEQ
--------------------------------------------------------

   CREATE SEQUENCE  "GRANDPRINGLES"."RECORDS_SEQ"  MINVALUE 1 MAXVALUE 999999999 INCREMENT BY 1 START WITH 1 NOCACHE  NOORDER  NOCYCLE ;
--------------------------------------------------------
--  DDL for Sequence SCHEDULE_UPDATE_LOG_SEQ
--------------------------------------------------------

   CREATE SEQUENCE  "GRANDPRINGLES"."SCHEDULE_UPDATE_LOG_SEQ"  MINVALUE 1 MAXVALUE 999999999 INCREMENT BY 1 START WITH 5 NOCACHE  NOORDER  NOCYCLE ;
--------------------------------------------------------
--  DDL for Sequence TEAMS_SEQ
--------------------------------------------------------

   CREATE SEQUENCE  "GRANDPRINGLES"."TEAMS_SEQ"  MINVALUE 1 MAXVALUE 999999999 INCREMENT BY 1 START WITH 1 NOCACHE  NOORDER  NOCYCLE ;
--------------------------------------------------------
--  DDL for Sequence TEAM_MEMBERS_SEQ
--------------------------------------------------------

   CREATE SEQUENCE  "GRANDPRINGLES"."TEAM_MEMBERS_SEQ"  MINVALUE 1 MAXVALUE 999999999 INCREMENT BY 1 START WITH 1 NOCACHE  NOORDER  NOCYCLE ;
--------------------------------------------------------
--  DDL for Sequence USERS_SEQ
--------------------------------------------------------

   CREATE SEQUENCE  "GRANDPRINGLES"."USERS_SEQ"  MINVALUE 1 MAXVALUE 999999999 INCREMENT BY 1 START WITH 18 NOCACHE  NOORDER  NOCYCLE ;
--------------------------------------------------------
--  DDL for Sequence VOTES_SEQ
--------------------------------------------------------

   CREATE SEQUENCE  "GRANDPRINGLES"."VOTES_SEQ"  MINVALUE 1 MAXVALUE 999999999 INCREMENT BY 1 START WITH 1 NOCACHE  NOORDER  NOCYCLE ;
--------------------------------------------------------
--  DDL for Table ANNOUNCE_UPDATE_LOG
--------------------------------------------------------

  CREATE TABLE "GRANDPRINGLES"."ANNOUNCE_UPDATE_LOG" 
   (	"NO" NUMBER, 
	"GRND_NO" NUMBER, 
	"GRND_NUM" NUMBER, 
	"MANAGER_NO" NUMBER, 
	"CONTENT" VARCHAR2(4000 BYTE), 
	"REGDATE" TIMESTAMP (6)
   ) SEGMENT CREATION IMMEDIATE 
  PCTFREE 10 PCTUSED 40 INITRANS 1 MAXTRANS 255 NOCOMPRESS LOGGING
  STORAGE(INITIAL 65536 NEXT 1048576 MINEXTENTS 1 MAXEXTENTS 2147483645
  PCTINCREASE 0 FREELISTS 1 FREELIST GROUPS 1 BUFFER_POOL DEFAULT FLASH_CACHE DEFAULT CELL_FLASH_CACHE DEFAULT)
  TABLESPACE "GRANDPRINGLES" ;

   COMMENT ON COLUMN "GRANDPRINGLES"."ANNOUNCE_UPDATE_LOG"."NO" IS 'NO';
   COMMENT ON COLUMN "GRANDPRINGLES"."ANNOUNCE_UPDATE_LOG"."GRND_NO" IS '대회ID';
   COMMENT ON COLUMN "GRANDPRINGLES"."ANNOUNCE_UPDATE_LOG"."GRND_NUM" IS '회차';
   COMMENT ON COLUMN "GRANDPRINGLES"."ANNOUNCE_UPDATE_LOG"."MANAGER_NO" IS '관리자ID';
   COMMENT ON COLUMN "GRANDPRINGLES"."ANNOUNCE_UPDATE_LOG"."CONTENT" IS '내용';
   COMMENT ON COLUMN "GRANDPRINGLES"."ANNOUNCE_UPDATE_LOG"."REGDATE" IS '수정날짜';
   COMMENT ON TABLE "GRANDPRINGLES"."ANNOUNCE_UPDATE_LOG"  IS '대회공지사항 변경이력';
--------------------------------------------------------
--  DDL for Table AUTHENTICATIONS
--------------------------------------------------------

  CREATE TABLE "GRANDPRINGLES"."AUTHENTICATIONS" 
   (	"KEY" VARCHAR2(1000 BYTE), 
	"CODE" VARCHAR2(1000 BYTE), 
	"IS_CONFIRM" CHAR(1 BYTE), 
	"REGDATE" TIMESTAMP (6)
   ) SEGMENT CREATION IMMEDIATE 
  PCTFREE 10 PCTUSED 40 INITRANS 1 MAXTRANS 255 NOCOMPRESS LOGGING
  STORAGE(INITIAL 65536 NEXT 1048576 MINEXTENTS 1 MAXEXTENTS 2147483645
  PCTINCREASE 0 FREELISTS 1 FREELIST GROUPS 1 BUFFER_POOL DEFAULT FLASH_CACHE DEFAULT CELL_FLASH_CACHE DEFAULT)
  TABLESPACE "GRANDPRINGLES" ;

   COMMENT ON COLUMN "GRANDPRINGLES"."AUTHENTICATIONS"."KEY" IS 'key';
   COMMENT ON COLUMN "GRANDPRINGLES"."AUTHENTICATIONS"."IS_CONFIRM" IS '확인';
   COMMENT ON COLUMN "GRANDPRINGLES"."AUTHENTICATIONS"."REGDATE" IS 'regdate';
   COMMENT ON TABLE "GRANDPRINGLES"."AUTHENTICATIONS"  IS '인증';
--------------------------------------------------------
--  DDL for Table BETTINGS
--------------------------------------------------------

  CREATE TABLE "GRANDPRINGLES"."BETTINGS" 
   (	"USER_NO" NUMBER, 
	"CORNER" NUMBER, 
	"BOARD_NO" NUMBER, 
	"CHIPS" NUMBER, 
	"MATCH_NO" NUMBER, 
	"REGDATE" TIMESTAMP (6)
   ) SEGMENT CREATION IMMEDIATE 
  PCTFREE 10 PCTUSED 40 INITRANS 1 MAXTRANS 255 NOCOMPRESS LOGGING
  STORAGE(INITIAL 65536 NEXT 1048576 MINEXTENTS 1 MAXEXTENTS 2147483645
  PCTINCREASE 0 FREELISTS 1 FREELIST GROUPS 1 BUFFER_POOL DEFAULT FLASH_CACHE DEFAULT CELL_FLASH_CACHE DEFAULT)
  TABLESPACE "GRANDPRINGLES" ;

   COMMENT ON COLUMN "GRANDPRINGLES"."BETTINGS"."USER_NO" IS '사용자ID';
   COMMENT ON COLUMN "GRANDPRINGLES"."BETTINGS"."CORNER" IS '선택팀';
   COMMENT ON COLUMN "GRANDPRINGLES"."BETTINGS"."BOARD_NO" IS '게시글ID';
   COMMENT ON COLUMN "GRANDPRINGLES"."BETTINGS"."CHIPS" IS '배팅액';
   COMMENT ON COLUMN "GRANDPRINGLES"."BETTINGS"."MATCH_NO" IS '경기ID';
   COMMENT ON COLUMN "GRANDPRINGLES"."BETTINGS"."REGDATE" IS 'regdate';
   COMMENT ON TABLE "GRANDPRINGLES"."BETTINGS"  IS '배팅';
--------------------------------------------------------
--  DDL for Table BOARDS
--------------------------------------------------------

  CREATE TABLE "GRANDPRINGLES"."BOARDS" 
   (	"BOARD_NO" NUMBER, 
	"USER_NO" NUMBER, 
	"GRND_NO" NUMBER, 
	"GRND_NUM" NUMBER, 
	"CONTENT" CLOB, 
	"CATEGORY" CHAR(1 BYTE), 
	"TITLE" VARCHAR2(300 BYTE), 
	"IS_UPDATE" CHAR(1 BYTE), 
	"LAST_MODIFIED" DATE, 
	"VIEW_CNT" NUMBER, 
	"LIKING" NUMBER, 
	"REGDATE" TIMESTAMP (6), 
	"MATCH_NO" NUMBER, 
	"COMMNET_COUNT" NUMBER
   ) SEGMENT CREATION IMMEDIATE 
  PCTFREE 10 PCTUSED 40 INITRANS 1 MAXTRANS 255 NOCOMPRESS LOGGING
  STORAGE(INITIAL 65536 NEXT 1048576 MINEXTENTS 1 MAXEXTENTS 2147483645
  PCTINCREASE 0 FREELISTS 1 FREELIST GROUPS 1 BUFFER_POOL DEFAULT FLASH_CACHE DEFAULT CELL_FLASH_CACHE DEFAULT)
  TABLESPACE "GRANDPRINGLES" 
 LOB ("CONTENT") STORE AS BASICFILE (
  TABLESPACE "GRANDPRINGLES" ENABLE STORAGE IN ROW CHUNK 8192 RETENTION 
  NOCACHE LOGGING 
  STORAGE(INITIAL 65536 NEXT 1048576 MINEXTENTS 1 MAXEXTENTS 2147483645
  PCTINCREASE 0 FREELISTS 1 FREELIST GROUPS 1 BUFFER_POOL DEFAULT FLASH_CACHE DEFAULT CELL_FLASH_CACHE DEFAULT)) ;

   COMMENT ON COLUMN "GRANDPRINGLES"."BOARDS"."BOARD_NO" IS '게시글ID';
   COMMENT ON COLUMN "GRANDPRINGLES"."BOARDS"."USER_NO" IS '사용자ID';
   COMMENT ON COLUMN "GRANDPRINGLES"."BOARDS"."GRND_NO" IS '대회ID';
   COMMENT ON COLUMN "GRANDPRINGLES"."BOARDS"."GRND_NUM" IS '회차';
   COMMENT ON COLUMN "GRANDPRINGLES"."BOARDS"."CONTENT" IS '컨텐츠';
   COMMENT ON COLUMN "GRANDPRINGLES"."BOARDS"."CATEGORY" IS '카테고리';
   COMMENT ON COLUMN "GRANDPRINGLES"."BOARDS"."TITLE" IS '제목';
   COMMENT ON COLUMN "GRANDPRINGLES"."BOARDS"."IS_UPDATE" IS '수정여부';
   COMMENT ON COLUMN "GRANDPRINGLES"."BOARDS"."LAST_MODIFIED" IS '최종수정날짜';
   COMMENT ON COLUMN "GRANDPRINGLES"."BOARDS"."VIEW_CNT" IS '조회수';
   COMMENT ON COLUMN "GRANDPRINGLES"."BOARDS"."LIKING" IS '좋아요수';
   COMMENT ON COLUMN "GRANDPRINGLES"."BOARDS"."REGDATE" IS 'regdate';
   COMMENT ON COLUMN "GRANDPRINGLES"."BOARDS"."MATCH_NO" IS '경기ID';
   COMMENT ON COLUMN "GRANDPRINGLES"."BOARDS"."COMMNET_COUNT" IS '댓글갯수';
   COMMENT ON TABLE "GRANDPRINGLES"."BOARDS"  IS '게시글';
--------------------------------------------------------
--  DDL for Table CLAUSES
--------------------------------------------------------

  CREATE TABLE "GRANDPRINGLES"."CLAUSES" 
   (	"GRND_NO" NUMBER, 
	"GRND_NUM" NUMBER, 
	"NUM" NUMBER, 
	"TITLE" VARCHAR2(300 BYTE), 
	"CONTENT" VARCHAR2(4000 BYTE), 
	"IS_NECESSARY" CHAR(1 BYTE), 
	"REGDATE" TIMESTAMP (6)
   ) SEGMENT CREATION IMMEDIATE 
  PCTFREE 10 PCTUSED 40 INITRANS 1 MAXTRANS 255 NOCOMPRESS LOGGING
  STORAGE(INITIAL 65536 NEXT 1048576 MINEXTENTS 1 MAXEXTENTS 2147483645
  PCTINCREASE 0 FREELISTS 1 FREELIST GROUPS 1 BUFFER_POOL DEFAULT FLASH_CACHE DEFAULT CELL_FLASH_CACHE DEFAULT)
  TABLESPACE "GRANDPRINGLES" ;

   COMMENT ON COLUMN "GRANDPRINGLES"."CLAUSES"."GRND_NO" IS '대회ID';
   COMMENT ON COLUMN "GRANDPRINGLES"."CLAUSES"."GRND_NUM" IS '회차';
   COMMENT ON COLUMN "GRANDPRINGLES"."CLAUSES"."NUM" IS '약관갯수';
   COMMENT ON COLUMN "GRANDPRINGLES"."CLAUSES"."TITLE" IS '약관제목';
   COMMENT ON COLUMN "GRANDPRINGLES"."CLAUSES"."CONTENT" IS '약관내용';
   COMMENT ON COLUMN "GRANDPRINGLES"."CLAUSES"."IS_NECESSARY" IS '필수사항여부';
   COMMENT ON COLUMN "GRANDPRINGLES"."CLAUSES"."REGDATE" IS 'regdate';
   COMMENT ON TABLE "GRANDPRINGLES"."CLAUSES"  IS '약관';
--------------------------------------------------------
--  DDL for Table COMMENTS
--------------------------------------------------------

  CREATE TABLE "GRANDPRINGLES"."COMMENTS" 
   (	"NO" NUMBER, 
	"USER_NO" NUMBER, 
	"BOARD_NO" NUMBER, 
	"CONTENT" VARCHAR2(2000 BYTE), 
	"LIKING" NUMBER, 
	"REGDATE" TIMESTAMP (6)
   ) SEGMENT CREATION IMMEDIATE 
  PCTFREE 10 PCTUSED 40 INITRANS 1 MAXTRANS 255 NOCOMPRESS LOGGING
  STORAGE(INITIAL 65536 NEXT 1048576 MINEXTENTS 1 MAXEXTENTS 2147483645
  PCTINCREASE 0 FREELISTS 1 FREELIST GROUPS 1 BUFFER_POOL DEFAULT FLASH_CACHE DEFAULT CELL_FLASH_CACHE DEFAULT)
  TABLESPACE "GRANDPRINGLES" ;

   COMMENT ON COLUMN "GRANDPRINGLES"."COMMENTS"."NO" IS '댓글ID';
   COMMENT ON COLUMN "GRANDPRINGLES"."COMMENTS"."USER_NO" IS '사용자ID';
   COMMENT ON COLUMN "GRANDPRINGLES"."COMMENTS"."BOARD_NO" IS '게시글ID';
   COMMENT ON COLUMN "GRANDPRINGLES"."COMMENTS"."CONTENT" IS '내용';
   COMMENT ON COLUMN "GRANDPRINGLES"."COMMENTS"."LIKING" IS '좋아요수';
   COMMENT ON COLUMN "GRANDPRINGLES"."COMMENTS"."REGDATE" IS 'regdate';
   COMMENT ON TABLE "GRANDPRINGLES"."COMMENTS"  IS '댓글';
--------------------------------------------------------
--  DDL for Table DISCUSSIONS
--------------------------------------------------------

  CREATE TABLE "GRANDPRINGLES"."DISCUSSIONS" 
   (	"USER_NO" NUMBER, 
	"SELECTION" NUMBER, 
	"BOARD_NO" NUMBER, 
	"REGDATE" TIMESTAMP (6)
   ) SEGMENT CREATION IMMEDIATE 
  PCTFREE 10 PCTUSED 40 INITRANS 1 MAXTRANS 255 NOCOMPRESS LOGGING
  STORAGE(INITIAL 65536 NEXT 1048576 MINEXTENTS 1 MAXEXTENTS 2147483645
  PCTINCREASE 0 FREELISTS 1 FREELIST GROUPS 1 BUFFER_POOL DEFAULT FLASH_CACHE DEFAULT CELL_FLASH_CACHE DEFAULT)
  TABLESPACE "GRANDPRINGLES" ;

   COMMENT ON COLUMN "GRANDPRINGLES"."DISCUSSIONS"."USER_NO" IS '사용자ID';
   COMMENT ON COLUMN "GRANDPRINGLES"."DISCUSSIONS"."SELECTION" IS '항목번호';
   COMMENT ON COLUMN "GRANDPRINGLES"."DISCUSSIONS"."BOARD_NO" IS '게시글ID';
   COMMENT ON COLUMN "GRANDPRINGLES"."DISCUSSIONS"."REGDATE" IS 'regdate';
   COMMENT ON TABLE "GRANDPRINGLES"."DISCUSSIONS"  IS '토론';
--------------------------------------------------------
--  DDL for Table GAMES
--------------------------------------------------------

  CREATE TABLE "GRANDPRINGLES"."GAMES" 
   (	"MATCH_NO" NUMBER, 
	"SEQ" NUMBER(2,0), 
	"WINNER_NO" NUMBER, 
	"REGDATE" TIMESTAMP (6)
   ) SEGMENT CREATION IMMEDIATE 
  PCTFREE 10 PCTUSED 40 INITRANS 1 MAXTRANS 255 NOCOMPRESS LOGGING
  STORAGE(INITIAL 65536 NEXT 1048576 MINEXTENTS 1 MAXEXTENTS 2147483645
  PCTINCREASE 0 FREELISTS 1 FREELIST GROUPS 1 BUFFER_POOL DEFAULT FLASH_CACHE DEFAULT CELL_FLASH_CACHE DEFAULT)
  TABLESPACE "GRANDPRINGLES" ;

   COMMENT ON COLUMN "GRANDPRINGLES"."GAMES"."MATCH_NO" IS '경기ID';
   COMMENT ON COLUMN "GRANDPRINGLES"."GAMES"."SEQ" IS '시퀀스';
   COMMENT ON COLUMN "GRANDPRINGLES"."GAMES"."WINNER_NO" IS '승리팀';
   COMMENT ON COLUMN "GRANDPRINGLES"."GAMES"."REGDATE" IS 'regdate';
   COMMENT ON TABLE "GRANDPRINGLES"."GAMES"  IS '게임';
--------------------------------------------------------
--  DDL for Table GRANDPRIXES
--------------------------------------------------------

  CREATE TABLE "GRANDPRINGLES"."GRANDPRIXES" 
   (	"GRND_NO" NUMBER, 
	"NUM" NUMBER, 
	"OWNER_NO" NUMBER, 
	"PARTICIPANT_ANNOUNCE" VARCHAR2(4000 BYTE) DEFAULT 'Default', 
	"PART_TYPE" CHAR(1 BYTE) DEFAULT 'D', 
	"IS_SHOW_PARTICIPANT" CHAR(1 BYTE) DEFAULT 'D', 
	"IS_WANTED_PARTICIPANT" CHAR(1 BYTE) DEFAULT 'D', 
	"IS_APPLICATION" CHAR(1 BYTE) DEFAULT 'D', 
	"START_DATE" DATE DEFAULT '2018-01-01', 
	"END_DATE" DATE DEFAULT '2018-01-01', 
	"END_DATE_APPLICATION" DATE DEFAULT '2018-01-01', 
	"CHANNEL_ID" VARCHAR2(100 BYTE) DEFAULT 'Default', 
	"INTRO" VARCHAR2(4000 BYTE) DEFAULT 'Default', 
	"RULE" VARCHAR2(4000 BYTE) DEFAULT 'Default', 
	"IS_SHOW" CHAR(1 BYTE) DEFAULT 'D', 
	"IMAGE" VARCHAR2(300 BYTE) DEFAULT 'Default', 
	"MEMBERS_PER_TEAM" NUMBER(1,0) DEFAULT 0, 
	"MAX_PARTICIPANT" NUMBER(3,0) DEFAULT 0, 
	"WAIT_PARTICIPANT" NUMBER(2,0) DEFAULT 0, 
	"TYPE" CHAR(1 BYTE) DEFAULT 'D', 
	"NUMBER_OF_PARTICIPANT" NUMBER(3,0) DEFAULT 0, 
	"SEEDING_TYPE" CHAR(1 BYTE) DEFAULT 'D', 
	"STATUS" CHAR(1 BYTE) DEFAULT 'D', 
	"WINNER" NUMBER, 
	"REGDATE" TIMESTAMP (6)
   ) SEGMENT CREATION IMMEDIATE 
  PCTFREE 10 PCTUSED 40 INITRANS 1 MAXTRANS 255 NOCOMPRESS LOGGING
  STORAGE(INITIAL 65536 NEXT 1048576 MINEXTENTS 1 MAXEXTENTS 2147483645
  PCTINCREASE 0 FREELISTS 1 FREELIST GROUPS 1 BUFFER_POOL DEFAULT FLASH_CACHE DEFAULT CELL_FLASH_CACHE DEFAULT)
  TABLESPACE "GRANDPRINGLES" ;

   COMMENT ON COLUMN "GRANDPRINGLES"."GRANDPRIXES"."GRND_NO" IS '대회ID';
   COMMENT ON COLUMN "GRANDPRINGLES"."GRANDPRIXES"."NUM" IS '회차';
   COMMENT ON COLUMN "GRANDPRINGLES"."GRANDPRIXES"."OWNER_NO" IS '개최자ID';
   COMMENT ON COLUMN "GRANDPRINGLES"."GRANDPRIXES"."PARTICIPANT_ANNOUNCE" IS '참가자공지사항';
   COMMENT ON COLUMN "GRANDPRINGLES"."GRANDPRIXES"."PART_TYPE" IS '참가유형';
   COMMENT ON COLUMN "GRANDPRINGLES"."GRANDPRIXES"."IS_SHOW_PARTICIPANT" IS '참가자 공개여부';
   COMMENT ON COLUMN "GRANDPRINGLES"."GRANDPRIXES"."IS_WANTED_PARTICIPANT" IS '참가자 모집여부';
   COMMENT ON COLUMN "GRANDPRINGLES"."GRANDPRIXES"."IS_APPLICATION" IS '참가 접수 여부';
   COMMENT ON COLUMN "GRANDPRINGLES"."GRANDPRIXES"."START_DATE" IS '대회시작날짜';
   COMMENT ON COLUMN "GRANDPRINGLES"."GRANDPRIXES"."END_DATE" IS '대회종료날짜';
   COMMENT ON COLUMN "GRANDPRINGLES"."GRANDPRIXES"."END_DATE_APPLICATION" IS '접수마감일';
   COMMENT ON COLUMN "GRANDPRINGLES"."GRANDPRIXES"."CHANNEL_ID" IS '트위치채널ID';
   COMMENT ON COLUMN "GRANDPRINGLES"."GRANDPRIXES"."INTRO" IS '대회소개';
   COMMENT ON COLUMN "GRANDPRINGLES"."GRANDPRIXES"."RULE" IS '대회규칙';
   COMMENT ON COLUMN "GRANDPRINGLES"."GRANDPRIXES"."IS_SHOW" IS '대회공개여부';
   COMMENT ON COLUMN "GRANDPRINGLES"."GRANDPRIXES"."IMAGE" IS '대회이미지';
   COMMENT ON COLUMN "GRANDPRINGLES"."GRANDPRIXES"."MEMBERS_PER_TEAM" IS '진행인원';
   COMMENT ON COLUMN "GRANDPRINGLES"."GRANDPRIXES"."MAX_PARTICIPANT" IS '최대참가인원';
   COMMENT ON COLUMN "GRANDPRINGLES"."GRANDPRIXES"."WAIT_PARTICIPANT" IS '대기인원';
   COMMENT ON COLUMN "GRANDPRINGLES"."GRANDPRIXES"."TYPE" IS '대회유형';
   COMMENT ON COLUMN "GRANDPRINGLES"."GRANDPRIXES"."NUMBER_OF_PARTICIPANT" IS '대회참가인원';
   COMMENT ON COLUMN "GRANDPRINGLES"."GRANDPRIXES"."SEEDING_TYPE" IS '시드배정방식';
   COMMENT ON COLUMN "GRANDPRINGLES"."GRANDPRIXES"."STATUS" IS '대회상태';
   COMMENT ON COLUMN "GRANDPRINGLES"."GRANDPRIXES"."WINNER" IS '우승자';
   COMMENT ON COLUMN "GRANDPRINGLES"."GRANDPRIXES"."REGDATE" IS 'regdate';
   COMMENT ON TABLE "GRANDPRINGLES"."GRANDPRIXES"  IS '대회';
--------------------------------------------------------
--  DDL for Table GRANDPRIX_NAMES
--------------------------------------------------------

  CREATE TABLE "GRANDPRINGLES"."GRANDPRIX_NAMES" 
   (	"NO" NUMBER, 
	"OWNER_NO" NUMBER, 
	"TITLE" VARCHAR2(300 BYTE) DEFAULT 'Default', 
	"LIKING" NUMBER DEFAULT 0, 
	"REGDATE" TIMESTAMP (6)
   ) SEGMENT CREATION IMMEDIATE 
  PCTFREE 10 PCTUSED 40 INITRANS 1 MAXTRANS 255 NOCOMPRESS LOGGING
  STORAGE(INITIAL 65536 NEXT 1048576 MINEXTENTS 1 MAXEXTENTS 2147483645
  PCTINCREASE 0 FREELISTS 1 FREELIST GROUPS 1 BUFFER_POOL DEFAULT FLASH_CACHE DEFAULT CELL_FLASH_CACHE DEFAULT)
  TABLESPACE "GRANDPRINGLES" ;

   COMMENT ON COLUMN "GRANDPRINGLES"."GRANDPRIX_NAMES"."NO" IS '대회ID';
   COMMENT ON COLUMN "GRANDPRINGLES"."GRANDPRIX_NAMES"."OWNER_NO" IS '개최자ID';
   COMMENT ON COLUMN "GRANDPRINGLES"."GRANDPRIX_NAMES"."TITLE" IS '대회제목';
   COMMENT ON COLUMN "GRANDPRINGLES"."GRANDPRIX_NAMES"."LIKING" IS '좋아요수';
   COMMENT ON COLUMN "GRANDPRINGLES"."GRANDPRIX_NAMES"."REGDATE" IS 'regdate';
   COMMENT ON TABLE "GRANDPRINGLES"."GRANDPRIX_NAMES"  IS '대회목록';
--------------------------------------------------------
--  DDL for Table LIKINGS
--------------------------------------------------------

  CREATE TABLE "GRANDPRINGLES"."LIKINGS" 
   (	"NO" NUMBER, 
	"USER_NO" NUMBER, 
	"TYPE" CHAR(1 BYTE), 
	"CONTENT_ID" NUMBER, 
	"REGDATE" TIMESTAMP (6)
   ) SEGMENT CREATION IMMEDIATE 
  PCTFREE 10 PCTUSED 40 INITRANS 1 MAXTRANS 255 NOCOMPRESS LOGGING
  STORAGE(INITIAL 65536 NEXT 1048576 MINEXTENTS 1 MAXEXTENTS 2147483645
  PCTINCREASE 0 FREELISTS 1 FREELIST GROUPS 1 BUFFER_POOL DEFAULT FLASH_CACHE DEFAULT CELL_FLASH_CACHE DEFAULT)
  TABLESPACE "GRANDPRINGLES" ;

   COMMENT ON COLUMN "GRANDPRINGLES"."LIKINGS"."NO" IS '좋아요NO';
   COMMENT ON COLUMN "GRANDPRINGLES"."LIKINGS"."USER_NO" IS '사용자ID';
   COMMENT ON COLUMN "GRANDPRINGLES"."LIKINGS"."TYPE" IS '타입';
   COMMENT ON COLUMN "GRANDPRINGLES"."LIKINGS"."CONTENT_ID" IS '활동ID';
   COMMENT ON COLUMN "GRANDPRINGLES"."LIKINGS"."REGDATE" IS 'regdate';
   COMMENT ON TABLE "GRANDPRINGLES"."LIKINGS"  IS '좋아요';
--------------------------------------------------------
--  DDL for Table MANAGERS
--------------------------------------------------------

  CREATE TABLE "GRANDPRINGLES"."MANAGERS" 
   (	"GRND_NO" NUMBER, 
	"GRND_NUM" NUMBER, 
	"ADMIN_NO" NUMBER, 
	"REGDATE" TIMESTAMP (6)
   ) SEGMENT CREATION IMMEDIATE 
  PCTFREE 10 PCTUSED 40 INITRANS 1 MAXTRANS 255 NOCOMPRESS LOGGING
  STORAGE(INITIAL 65536 NEXT 1048576 MINEXTENTS 1 MAXEXTENTS 2147483645
  PCTINCREASE 0 FREELISTS 1 FREELIST GROUPS 1 BUFFER_POOL DEFAULT FLASH_CACHE DEFAULT CELL_FLASH_CACHE DEFAULT)
  TABLESPACE "GRANDPRINGLES" ;

   COMMENT ON COLUMN "GRANDPRINGLES"."MANAGERS"."GRND_NO" IS '대회ID';
   COMMENT ON COLUMN "GRANDPRINGLES"."MANAGERS"."GRND_NUM" IS '회차';
   COMMENT ON COLUMN "GRANDPRINGLES"."MANAGERS"."ADMIN_NO" IS '사용자ID';
   COMMENT ON COLUMN "GRANDPRINGLES"."MANAGERS"."REGDATE" IS 'regdate';
   COMMENT ON TABLE "GRANDPRINGLES"."MANAGERS"  IS '관리자';
--------------------------------------------------------
--  DDL for Table MATCHS
--------------------------------------------------------

  CREATE TABLE "GRANDPRINGLES"."MATCHS" 
   (	"NO" NUMBER, 
	"GRND_NO" NUMBER, 
	"GRND_NUM" NUMBER, 
	"START_DATE" DATE, 
	"PART_TYPE" CHAR(1 BYTE), 
	"ROUND" NUMBER(1,0), 
	"RED" NUMBER, 
	"BLUE" NUMBER, 
	"STATUS" CHAR(1 BYTE), 
	"GAME_STATUS" CHAR(2 BYTE), 
	"MATCH_NUMBER" NUMBER(2,0), 
	"REGDATE" TIMESTAMP (6)
   ) SEGMENT CREATION IMMEDIATE 
  PCTFREE 10 PCTUSED 40 INITRANS 1 MAXTRANS 255 NOCOMPRESS LOGGING
  STORAGE(INITIAL 65536 NEXT 1048576 MINEXTENTS 1 MAXEXTENTS 2147483645
  PCTINCREASE 0 FREELISTS 1 FREELIST GROUPS 1 BUFFER_POOL DEFAULT FLASH_CACHE DEFAULT CELL_FLASH_CACHE DEFAULT)
  TABLESPACE "GRANDPRINGLES" ;

   COMMENT ON COLUMN "GRANDPRINGLES"."MATCHS"."NO" IS '경기ID';
   COMMENT ON COLUMN "GRANDPRINGLES"."MATCHS"."GRND_NO" IS '대회ID';
   COMMENT ON COLUMN "GRANDPRINGLES"."MATCHS"."GRND_NUM" IS '회차';
   COMMENT ON COLUMN "GRANDPRINGLES"."MATCHS"."START_DATE" IS '경기일정';
   COMMENT ON COLUMN "GRANDPRINGLES"."MATCHS"."PART_TYPE" IS '참가유형';
   COMMENT ON COLUMN "GRANDPRINGLES"."MATCHS"."ROUND" IS '라운드';
   COMMENT ON COLUMN "GRANDPRINGLES"."MATCHS"."RED" IS 'A팀';
   COMMENT ON COLUMN "GRANDPRINGLES"."MATCHS"."BLUE" IS 'B팀';
   COMMENT ON COLUMN "GRANDPRINGLES"."MATCHS"."STATUS" IS '경기상태';
   COMMENT ON COLUMN "GRANDPRINGLES"."MATCHS"."GAME_STATUS" IS '게임상태';
   COMMENT ON COLUMN "GRANDPRINGLES"."MATCHS"."MATCH_NUMBER" IS '경기번호';
   COMMENT ON COLUMN "GRANDPRINGLES"."MATCHS"."REGDATE" IS 'regdate';
   COMMENT ON TABLE "GRANDPRINGLES"."MATCHS"  IS '경기';
--------------------------------------------------------
--  DDL for Table PARTICIPANT_APPLICATIONS
--------------------------------------------------------

  CREATE TABLE "GRANDPRINGLES"."PARTICIPANT_APPLICATIONS" 
   (	"USER_NO" NUMBER, 
	"GRND_NO" NUMBER, 
	"NUM" NUMBER, 
	"GRND_NUM" NUMBER, 
	"IMAGE" VARCHAR2(300 BYTE), 
	"CONTENT" VARCHAR2(900 BYTE), 
	"REGDATE" TIMESTAMP (6)
   ) SEGMENT CREATION IMMEDIATE 
  PCTFREE 10 PCTUSED 40 INITRANS 1 MAXTRANS 255 NOCOMPRESS LOGGING
  STORAGE(INITIAL 65536 NEXT 1048576 MINEXTENTS 1 MAXEXTENTS 2147483645
  PCTINCREASE 0 FREELISTS 1 FREELIST GROUPS 1 BUFFER_POOL DEFAULT FLASH_CACHE DEFAULT CELL_FLASH_CACHE DEFAULT)
  TABLESPACE "GRANDPRINGLES" ;

   COMMENT ON COLUMN "GRANDPRINGLES"."PARTICIPANT_APPLICATIONS"."USER_NO" IS '사용자ID';
   COMMENT ON COLUMN "GRANDPRINGLES"."PARTICIPANT_APPLICATIONS"."GRND_NO" IS '대회ID';
   COMMENT ON COLUMN "GRANDPRINGLES"."PARTICIPANT_APPLICATIONS"."NUM" IS '항목번호';
   COMMENT ON COLUMN "GRANDPRINGLES"."PARTICIPANT_APPLICATIONS"."GRND_NUM" IS '회차';
   COMMENT ON COLUMN "GRANDPRINGLES"."PARTICIPANT_APPLICATIONS"."IMAGE" IS '이미지';
   COMMENT ON COLUMN "GRANDPRINGLES"."PARTICIPANT_APPLICATIONS"."CONTENT" IS '내용';
   COMMENT ON COLUMN "GRANDPRINGLES"."PARTICIPANT_APPLICATIONS"."REGDATE" IS 'regdate';
   COMMENT ON TABLE "GRANDPRINGLES"."PARTICIPANT_APPLICATIONS"  IS '참가신청응답내용';
--------------------------------------------------------
--  DDL for Table PARTICIPANT_CONDITIONS
--------------------------------------------------------

  CREATE TABLE "GRANDPRINGLES"."PARTICIPANT_CONDITIONS" 
   (	"GRND_NO" NUMBER, 
	"GRND_NUM" NUMBER, 
	"NUM" NUMBER, 
	"IS_IMAGE" CHAR(1 BYTE), 
	"IS_NECESSARY" CHAR(1 BYTE), 
	"TITLE" VARCHAR2(300 BYTE), 
	"REGDATE" TIMESTAMP (6)
   ) SEGMENT CREATION IMMEDIATE 
  PCTFREE 10 PCTUSED 40 INITRANS 1 MAXTRANS 255 NOCOMPRESS LOGGING
  STORAGE(INITIAL 65536 NEXT 1048576 MINEXTENTS 1 MAXEXTENTS 2147483645
  PCTINCREASE 0 FREELISTS 1 FREELIST GROUPS 1 BUFFER_POOL DEFAULT FLASH_CACHE DEFAULT CELL_FLASH_CACHE DEFAULT)
  TABLESPACE "GRANDPRINGLES" ;

   COMMENT ON COLUMN "GRANDPRINGLES"."PARTICIPANT_CONDITIONS"."GRND_NO" IS '대회ID';
   COMMENT ON COLUMN "GRANDPRINGLES"."PARTICIPANT_CONDITIONS"."GRND_NUM" IS '회차';
   COMMENT ON COLUMN "GRANDPRINGLES"."PARTICIPANT_CONDITIONS"."NUM" IS '항목번호';
   COMMENT ON COLUMN "GRANDPRINGLES"."PARTICIPANT_CONDITIONS"."IS_IMAGE" IS '이미지여부';
   COMMENT ON COLUMN "GRANDPRINGLES"."PARTICIPANT_CONDITIONS"."IS_NECESSARY" IS '필수여부';
   COMMENT ON COLUMN "GRANDPRINGLES"."PARTICIPANT_CONDITIONS"."TITLE" IS '제목';
   COMMENT ON COLUMN "GRANDPRINGLES"."PARTICIPANT_CONDITIONS"."REGDATE" IS 'regdate';
   COMMENT ON TABLE "GRANDPRINGLES"."PARTICIPANT_CONDITIONS"  IS '참가신청조건';
--------------------------------------------------------
--  DDL for Table PARTICIPATIONS
--------------------------------------------------------

  CREATE TABLE "GRANDPRINGLES"."PARTICIPATIONS" 
   (	"GRND_NO" NUMBER, 
	"USER_NO" NUMBER, 
	"GRND_NUM" NUMBER, 
	"RANK" NUMBER(3,0), 
	"STATUS" CHAR(1 BYTE), 
	"REGDATE" TIMESTAMP (6)
   ) SEGMENT CREATION IMMEDIATE 
  PCTFREE 10 PCTUSED 40 INITRANS 1 MAXTRANS 255 NOCOMPRESS LOGGING
  STORAGE(INITIAL 65536 NEXT 1048576 MINEXTENTS 1 MAXEXTENTS 2147483645
  PCTINCREASE 0 FREELISTS 1 FREELIST GROUPS 1 BUFFER_POOL DEFAULT FLASH_CACHE DEFAULT CELL_FLASH_CACHE DEFAULT)
  TABLESPACE "GRANDPRINGLES" ;

   COMMENT ON COLUMN "GRANDPRINGLES"."PARTICIPATIONS"."GRND_NO" IS '대회ID';
   COMMENT ON COLUMN "GRANDPRINGLES"."PARTICIPATIONS"."USER_NO" IS '사용자ID';
   COMMENT ON COLUMN "GRANDPRINGLES"."PARTICIPATIONS"."GRND_NUM" IS '회차';
   COMMENT ON COLUMN "GRANDPRINGLES"."PARTICIPATIONS"."RANK" IS '순위';
   COMMENT ON COLUMN "GRANDPRINGLES"."PARTICIPATIONS"."STATUS" IS '상태';
   COMMENT ON COLUMN "GRANDPRINGLES"."PARTICIPATIONS"."REGDATE" IS 'regdate';
   COMMENT ON TABLE "GRANDPRINGLES"."PARTICIPATIONS"  IS '참가자';
--------------------------------------------------------
--  DDL for Table POTATOCHIPS
--------------------------------------------------------

  CREATE TABLE "GRANDPRINGLES"."POTATOCHIPS" 
   (	"NO" NUMBER, 
	"REGDATE" TIMESTAMP (6), 
	"USER_NO" NUMBER, 
	"VARY" NUMBER, 
	"TYPE" CHAR(3 BYTE), 
	"CONTENT_ID" NUMBER
   ) SEGMENT CREATION IMMEDIATE 
  PCTFREE 10 PCTUSED 40 INITRANS 1 MAXTRANS 255 NOCOMPRESS LOGGING
  STORAGE(INITIAL 65536 NEXT 1048576 MINEXTENTS 1 MAXEXTENTS 2147483645
  PCTINCREASE 0 FREELISTS 1 FREELIST GROUPS 1 BUFFER_POOL DEFAULT FLASH_CACHE DEFAULT CELL_FLASH_CACHE DEFAULT)
  TABLESPACE "GRANDPRINGLES" ;

   COMMENT ON COLUMN "GRANDPRINGLES"."POTATOCHIPS"."NO" IS 'no';
   COMMENT ON COLUMN "GRANDPRINGLES"."POTATOCHIPS"."REGDATE" IS 'regdate';
   COMMENT ON COLUMN "GRANDPRINGLES"."POTATOCHIPS"."USER_NO" IS '사용자ID';
   COMMENT ON COLUMN "GRANDPRINGLES"."POTATOCHIPS"."VARY" IS '입출내역';
   COMMENT ON COLUMN "GRANDPRINGLES"."POTATOCHIPS"."TYPE" IS '활동타입';
   COMMENT ON COLUMN "GRANDPRINGLES"."POTATOCHIPS"."CONTENT_ID" IS '활동ID';
   COMMENT ON TABLE "GRANDPRINGLES"."POTATOCHIPS"  IS '감자칩';
--------------------------------------------------------
--  DDL for Table PRIXES
--------------------------------------------------------

  CREATE TABLE "GRANDPRINGLES"."PRIXES" 
   (	"NO" NUMBER, 
	"GRND_NO" NUMBER, 
	"GRND_NUM" NUMBER, 
	"TO_USER" VARCHAR2(60 BYTE), 
	"CONTENT" VARCHAR2(60 BYTE), 
	"URL" VARCHAR2(300 BYTE), 
	"IMAGE" VARCHAR2(300 BYTE), 
	"REGDATE" TIMESTAMP (6)
   ) SEGMENT CREATION IMMEDIATE 
  PCTFREE 10 PCTUSED 40 INITRANS 1 MAXTRANS 255 NOCOMPRESS LOGGING
  STORAGE(INITIAL 65536 NEXT 1048576 MINEXTENTS 1 MAXEXTENTS 2147483645
  PCTINCREASE 0 FREELISTS 1 FREELIST GROUPS 1 BUFFER_POOL DEFAULT FLASH_CACHE DEFAULT CELL_FLASH_CACHE DEFAULT)
  TABLESPACE "GRANDPRINGLES" ;

   COMMENT ON COLUMN "GRANDPRINGLES"."PRIXES"."NO" IS '상품ID';
   COMMENT ON COLUMN "GRANDPRINGLES"."PRIXES"."GRND_NO" IS '대회ID';
   COMMENT ON COLUMN "GRANDPRINGLES"."PRIXES"."GRND_NUM" IS '회차';
   COMMENT ON COLUMN "GRANDPRINGLES"."PRIXES"."TO_USER" IS '누구에게';
   COMMENT ON COLUMN "GRANDPRINGLES"."PRIXES"."CONTENT" IS '상품내용';
   COMMENT ON COLUMN "GRANDPRINGLES"."PRIXES"."URL" IS 'url';
   COMMENT ON COLUMN "GRANDPRINGLES"."PRIXES"."IMAGE" IS '이미지';
   COMMENT ON COLUMN "GRANDPRINGLES"."PRIXES"."REGDATE" IS 'regdate';
   COMMENT ON TABLE "GRANDPRINGLES"."PRIXES"  IS '상품';
--------------------------------------------------------
--  DDL for Table PRIX_UPDATE_LOG
--------------------------------------------------------

  CREATE TABLE "GRANDPRINGLES"."PRIX_UPDATE_LOG" 
   (	"NO" NUMBER, 
	"PRIX_NO" NUMBER, 
	"MANAGER_NO" NUMBER, 
	"TO_USER" VARCHAR2(60 BYTE), 
	"CONTENT" VARCHAR2(60 BYTE), 
	"URL" VARCHAR2(300 BYTE), 
	"IMAGE" VARCHAR2(300 BYTE), 
	"REGDATE" TIMESTAMP (6)
   ) SEGMENT CREATION IMMEDIATE 
  PCTFREE 10 PCTUSED 40 INITRANS 1 MAXTRANS 255 NOCOMPRESS LOGGING
  STORAGE(INITIAL 65536 NEXT 1048576 MINEXTENTS 1 MAXEXTENTS 2147483645
  PCTINCREASE 0 FREELISTS 1 FREELIST GROUPS 1 BUFFER_POOL DEFAULT FLASH_CACHE DEFAULT CELL_FLASH_CACHE DEFAULT)
  TABLESPACE "GRANDPRINGLES" ;

   COMMENT ON COLUMN "GRANDPRINGLES"."PRIX_UPDATE_LOG"."NO" IS 'NO';
   COMMENT ON COLUMN "GRANDPRINGLES"."PRIX_UPDATE_LOG"."PRIX_NO" IS '상품ID';
   COMMENT ON COLUMN "GRANDPRINGLES"."PRIX_UPDATE_LOG"."MANAGER_NO" IS '사용자ID';
   COMMENT ON COLUMN "GRANDPRINGLES"."PRIX_UPDATE_LOG"."TO_USER" IS '누구에게';
   COMMENT ON COLUMN "GRANDPRINGLES"."PRIX_UPDATE_LOG"."CONTENT" IS '상품내용';
   COMMENT ON COLUMN "GRANDPRINGLES"."PRIX_UPDATE_LOG"."URL" IS 'url';
   COMMENT ON COLUMN "GRANDPRINGLES"."PRIX_UPDATE_LOG"."IMAGE" IS '이미지';
   COMMENT ON COLUMN "GRANDPRINGLES"."PRIX_UPDATE_LOG"."REGDATE" IS '수정일';
   COMMENT ON TABLE "GRANDPRINGLES"."PRIX_UPDATE_LOG"  IS '상품변경이력';
--------------------------------------------------------
--  DDL for Table RECORDS
--------------------------------------------------------

  CREATE TABLE "GRANDPRINGLES"."RECORDS" 
   (	"MATCH_NO" NUMBER, 
	"SEQ" NUMBER(2,0), 
	"USER_NO" NUMBER, 
	"KILL" NUMBER(3,0), 
	"DEATH" NUMBER(3,0), 
	"ASSI" NUMBER(3,0), 
	"REGDATE" TIMESTAMP (6)
   ) SEGMENT CREATION IMMEDIATE 
  PCTFREE 10 PCTUSED 40 INITRANS 1 MAXTRANS 255 NOCOMPRESS LOGGING
  STORAGE(INITIAL 65536 NEXT 1048576 MINEXTENTS 1 MAXEXTENTS 2147483645
  PCTINCREASE 0 FREELISTS 1 FREELIST GROUPS 1 BUFFER_POOL DEFAULT FLASH_CACHE DEFAULT CELL_FLASH_CACHE DEFAULT)
  TABLESPACE "GRANDPRINGLES" ;

   COMMENT ON COLUMN "GRANDPRINGLES"."RECORDS"."MATCH_NO" IS '경기ID';
   COMMENT ON COLUMN "GRANDPRINGLES"."RECORDS"."SEQ" IS '시퀀스';
   COMMENT ON COLUMN "GRANDPRINGLES"."RECORDS"."USER_NO" IS '참가자ID';
   COMMENT ON COLUMN "GRANDPRINGLES"."RECORDS"."KILL" IS 'K';
   COMMENT ON COLUMN "GRANDPRINGLES"."RECORDS"."DEATH" IS 'D';
   COMMENT ON COLUMN "GRANDPRINGLES"."RECORDS"."ASSI" IS 'A';
   COMMENT ON COLUMN "GRANDPRINGLES"."RECORDS"."REGDATE" IS 'regdate';
   COMMENT ON TABLE "GRANDPRINGLES"."RECORDS"  IS '전적';
--------------------------------------------------------
--  DDL for Table SCHEDULE_UPDATE_LOG
--------------------------------------------------------

  CREATE TABLE "GRANDPRINGLES"."SCHEDULE_UPDATE_LOG" 
   (	"NO" NUMBER, 
	"GRND_NO" NUMBER, 
	"GRND_NUM" NUMBER, 
	"MANAGER_NO" NUMBER, 
	"REGDATE" TIMESTAMP (6), 
	"START_DATE" DATE, 
	"END_DATE" DATE, 
	"CATEGORY" CHAR(1 BYTE)
   ) SEGMENT CREATION IMMEDIATE 
  PCTFREE 10 PCTUSED 40 INITRANS 1 MAXTRANS 255 NOCOMPRESS LOGGING
  STORAGE(INITIAL 65536 NEXT 1048576 MINEXTENTS 1 MAXEXTENTS 2147483645
  PCTINCREASE 0 FREELISTS 1 FREELIST GROUPS 1 BUFFER_POOL DEFAULT FLASH_CACHE DEFAULT CELL_FLASH_CACHE DEFAULT)
  TABLESPACE "GRANDPRINGLES" ;

   COMMENT ON COLUMN "GRANDPRINGLES"."SCHEDULE_UPDATE_LOG"."NO" IS 'NO';
   COMMENT ON COLUMN "GRANDPRINGLES"."SCHEDULE_UPDATE_LOG"."GRND_NO" IS '대회ID';
   COMMENT ON COLUMN "GRANDPRINGLES"."SCHEDULE_UPDATE_LOG"."GRND_NUM" IS '회차';
   COMMENT ON COLUMN "GRANDPRINGLES"."SCHEDULE_UPDATE_LOG"."MANAGER_NO" IS '관리자ID';
   COMMENT ON COLUMN "GRANDPRINGLES"."SCHEDULE_UPDATE_LOG"."REGDATE" IS '수정날짜';
   COMMENT ON COLUMN "GRANDPRINGLES"."SCHEDULE_UPDATE_LOG"."START_DATE" IS '대회시작날짜';
   COMMENT ON COLUMN "GRANDPRINGLES"."SCHEDULE_UPDATE_LOG"."END_DATE" IS '대회종료날짜';
   COMMENT ON COLUMN "GRANDPRINGLES"."SCHEDULE_UPDATE_LOG"."CATEGORY" IS '카테고리';
   COMMENT ON TABLE "GRANDPRINGLES"."SCHEDULE_UPDATE_LOG"  IS '대회일정 변경이력';
--------------------------------------------------------
--  DDL for Table TEAMS
--------------------------------------------------------

  CREATE TABLE "GRANDPRINGLES"."TEAMS" 
   (	"GRND_NO" NUMBER, 
	"GRND_NUM" NUMBER, 
	"LEADER_NO" NUMBER, 
	"IS_SHOW" CHAR(1 BYTE), 
	"PASSWORD" NUMBER(4,0), 
	"NAME" VARCHAR2(90 BYTE), 
	"LOGO" VARCHAR2(300 BYTE), 
	"REGDATE" TIMESTAMP (6)
   ) SEGMENT CREATION IMMEDIATE 
  PCTFREE 10 PCTUSED 40 INITRANS 1 MAXTRANS 255 NOCOMPRESS LOGGING
  STORAGE(INITIAL 65536 NEXT 1048576 MINEXTENTS 1 MAXEXTENTS 2147483645
  PCTINCREASE 0 FREELISTS 1 FREELIST GROUPS 1 BUFFER_POOL DEFAULT FLASH_CACHE DEFAULT CELL_FLASH_CACHE DEFAULT)
  TABLESPACE "GRANDPRINGLES" ;

   COMMENT ON COLUMN "GRANDPRINGLES"."TEAMS"."GRND_NO" IS '대회ID';
   COMMENT ON COLUMN "GRANDPRINGLES"."TEAMS"."GRND_NUM" IS '회차';
   COMMENT ON COLUMN "GRANDPRINGLES"."TEAMS"."LEADER_NO" IS '팀장ID';
   COMMENT ON COLUMN "GRANDPRINGLES"."TEAMS"."IS_SHOW" IS '공개여부';
   COMMENT ON COLUMN "GRANDPRINGLES"."TEAMS"."PASSWORD" IS '비밀번호';
   COMMENT ON COLUMN "GRANDPRINGLES"."TEAMS"."NAME" IS '팀이름';
   COMMENT ON COLUMN "GRANDPRINGLES"."TEAMS"."LOGO" IS '팀로고';
   COMMENT ON COLUMN "GRANDPRINGLES"."TEAMS"."REGDATE" IS 'regdate';
   COMMENT ON TABLE "GRANDPRINGLES"."TEAMS"  IS '팀';
--------------------------------------------------------
--  DDL for Table TEAM_MEMBERS
--------------------------------------------------------

  CREATE TABLE "GRANDPRINGLES"."TEAM_MEMBERS" 
   (	"GRND_NO" NUMBER, 
	"GRND_NUM" NUMBER, 
	"LEADER_NO" NUMBER, 
	"MEMBER_NO" NUMBER, 
	"REGDATE" TIMESTAMP (6)
   ) SEGMENT CREATION IMMEDIATE 
  PCTFREE 10 PCTUSED 40 INITRANS 1 MAXTRANS 255 NOCOMPRESS LOGGING
  STORAGE(INITIAL 65536 NEXT 1048576 MINEXTENTS 1 MAXEXTENTS 2147483645
  PCTINCREASE 0 FREELISTS 1 FREELIST GROUPS 1 BUFFER_POOL DEFAULT FLASH_CACHE DEFAULT CELL_FLASH_CACHE DEFAULT)
  TABLESPACE "GRANDPRINGLES" ;

   COMMENT ON COLUMN "GRANDPRINGLES"."TEAM_MEMBERS"."GRND_NO" IS '대회ID';
   COMMENT ON COLUMN "GRANDPRINGLES"."TEAM_MEMBERS"."GRND_NUM" IS '회차';
   COMMENT ON COLUMN "GRANDPRINGLES"."TEAM_MEMBERS"."LEADER_NO" IS '팀장ID';
   COMMENT ON COLUMN "GRANDPRINGLES"."TEAM_MEMBERS"."MEMBER_NO" IS '팀원ID';
   COMMENT ON COLUMN "GRANDPRINGLES"."TEAM_MEMBERS"."REGDATE" IS 'regdate';
   COMMENT ON TABLE "GRANDPRINGLES"."TEAM_MEMBERS"  IS '팀원';
--------------------------------------------------------
--  DDL for Table TMP
--------------------------------------------------------

  CREATE TABLE "GRANDPRINGLES"."TMP" 
   (	"CNT" NUMBER(3,0)
   ) SEGMENT CREATION IMMEDIATE 
  PCTFREE 10 PCTUSED 40 INITRANS 1 MAXTRANS 255 NOCOMPRESS LOGGING
  STORAGE(INITIAL 65536 NEXT 1048576 MINEXTENTS 1 MAXEXTENTS 2147483645
  PCTINCREASE 0 FREELISTS 1 FREELIST GROUPS 1 BUFFER_POOL DEFAULT FLASH_CACHE DEFAULT CELL_FLASH_CACHE DEFAULT)
  TABLESPACE "GRANDPRINGLES" ;
--------------------------------------------------------
--  DDL for Table USERS
--------------------------------------------------------

  CREATE TABLE "GRANDPRINGLES"."USERS" 
   (	"NO" NUMBER, 
	"EMAIL" VARCHAR2(255 BYTE), 
	"PASSWORD" VARCHAR2(100 BYTE), 
	"NICKNAME" VARCHAR2(100 BYTE), 
	"PROFILE" VARCHAR2(300 BYTE), 
	"SEX" CHAR(1 BYTE), 
	"PHONE" VARCHAR2(11 BYTE), 
	"GAME_NICKNAME" CHAR(24 BYTE), 
	"GAME_TIER" CHAR(2 BYTE), 
	"POTATOCHIP" NUMBER, 
	"REGDATE" TIMESTAMP (6)
   ) SEGMENT CREATION IMMEDIATE 
  PCTFREE 10 PCTUSED 40 INITRANS 1 MAXTRANS 255 NOCOMPRESS LOGGING
  STORAGE(INITIAL 65536 NEXT 1048576 MINEXTENTS 1 MAXEXTENTS 2147483645
  PCTINCREASE 0 FREELISTS 1 FREELIST GROUPS 1 BUFFER_POOL DEFAULT FLASH_CACHE DEFAULT CELL_FLASH_CACHE DEFAULT)
  TABLESPACE "GRANDPRINGLES" ;

   COMMENT ON COLUMN "GRANDPRINGLES"."USERS"."NO" IS '사용자ID';
   COMMENT ON COLUMN "GRANDPRINGLES"."USERS"."EMAIL" IS '이메일';
   COMMENT ON COLUMN "GRANDPRINGLES"."USERS"."PASSWORD" IS '비밀번호';
   COMMENT ON COLUMN "GRANDPRINGLES"."USERS"."NICKNAME" IS '닉네임';
   COMMENT ON COLUMN "GRANDPRINGLES"."USERS"."PROFILE" IS '프로필이미지';
   COMMENT ON COLUMN "GRANDPRINGLES"."USERS"."SEX" IS '성별';
   COMMENT ON COLUMN "GRANDPRINGLES"."USERS"."PHONE" IS '핸드폰번호';
   COMMENT ON COLUMN "GRANDPRINGLES"."USERS"."GAME_NICKNAME" IS '롤닉네임';
   COMMENT ON COLUMN "GRANDPRINGLES"."USERS"."GAME_TIER" IS '롤티어';
   COMMENT ON COLUMN "GRANDPRINGLES"."USERS"."POTATOCHIP" IS '감자칩';
   COMMENT ON COLUMN "GRANDPRINGLES"."USERS"."REGDATE" IS 'regdate';
   COMMENT ON TABLE "GRANDPRINGLES"."USERS"  IS '사용자';
--------------------------------------------------------
--  DDL for Table VOTES
--------------------------------------------------------

  CREATE TABLE "GRANDPRINGLES"."VOTES" 
   (	"BOARD_NO" NUMBER, 
	"NUM" NUMBER, 
	"TITLE" VARCHAR2(300 BYTE), 
	"SELECTIONS" NUMBER, 
	"REGDATE" TIMESTAMP (6)
   ) SEGMENT CREATION IMMEDIATE 
  PCTFREE 10 PCTUSED 40 INITRANS 1 MAXTRANS 255 NOCOMPRESS LOGGING
  STORAGE(INITIAL 65536 NEXT 1048576 MINEXTENTS 1 MAXEXTENTS 2147483645
  PCTINCREASE 0 FREELISTS 1 FREELIST GROUPS 1 BUFFER_POOL DEFAULT FLASH_CACHE DEFAULT CELL_FLASH_CACHE DEFAULT)
  TABLESPACE "GRANDPRINGLES" ;

   COMMENT ON COLUMN "GRANDPRINGLES"."VOTES"."BOARD_NO" IS '게시글ID';
   COMMENT ON COLUMN "GRANDPRINGLES"."VOTES"."NUM" IS '항목번호';
   COMMENT ON COLUMN "GRANDPRINGLES"."VOTES"."TITLE" IS '제목';
   COMMENT ON COLUMN "GRANDPRINGLES"."VOTES"."SELECTIONS" IS '득표수';
   COMMENT ON COLUMN "GRANDPRINGLES"."VOTES"."REGDATE" IS 'regdate';
   COMMENT ON TABLE "GRANDPRINGLES"."VOTES"  IS '투표';
REM INSERTING into GRANDPRINGLES.ANNOUNCE_UPDATE_LOG
SET DEFINE OFF;
Insert into GRANDPRINGLES.ANNOUNCE_UPDATE_LOG (NO,GRND_NO,GRND_NUM,MANAGER_NO,CONTENT,REGDATE) values (57,1,1,6,'대회 내용이 들어갑니다.',to_timestamp('18/05/17 22:36:59.007000000','RR/MM/DD HH24:MI:SSXFF'));
Insert into GRANDPRINGLES.ANNOUNCE_UPDATE_LOG (NO,GRND_NO,GRND_NUM,MANAGER_NO,CONTENT,REGDATE) values (58,2,1,11,'대회 내용이 들어갑니다.',to_timestamp('18/05/17 22:36:59.007000000','RR/MM/DD HH24:MI:SSXFF'));
Insert into GRANDPRINGLES.ANNOUNCE_UPDATE_LOG (NO,GRND_NO,GRND_NUM,MANAGER_NO,CONTENT,REGDATE) values (59,3,1,1,'대회 내용이 들어갑니다.',to_timestamp('18/05/17 22:36:59.007000000','RR/MM/DD HH24:MI:SSXFF'));
Insert into GRANDPRINGLES.ANNOUNCE_UPDATE_LOG (NO,GRND_NO,GRND_NUM,MANAGER_NO,CONTENT,REGDATE) values (60,4,1,12,'대회 내용이 들어갑니다.',to_timestamp('18/05/17 22:36:59.007000000','RR/MM/DD HH24:MI:SSXFF'));
Insert into GRANDPRINGLES.ANNOUNCE_UPDATE_LOG (NO,GRND_NO,GRND_NUM,MANAGER_NO,CONTENT,REGDATE) values (61,4,1,1,'<p>대회 내용이 들어갑니다.<br>\n강아지고양이</p>\n',to_timestamp('18/05/18 15:46:06.408000000','RR/MM/DD HH24:MI:SSXFF'));
REM INSERTING into GRANDPRINGLES.AUTHENTICATIONS
SET DEFINE OFF;
Insert into GRANDPRINGLES.AUTHENTICATIONS (KEY,CODE,IS_CONFIRM,REGDATE) values ('105694','53575','F',to_timestamp('18/05/18 17:54:29.952000000','RR/MM/DD HH24:MI:SSXFF'));
REM INSERTING into GRANDPRINGLES.BETTINGS
SET DEFINE OFF;
REM INSERTING into GRANDPRINGLES.BOARDS
SET DEFINE OFF;
Insert into GRANDPRINGLES.BOARDS (BOARD_NO,USER_NO,GRND_NO,GRND_NUM,CATEGORY,TITLE,IS_UPDATE,LAST_MODIFIED,VIEW_CNT,LIKING,REGDATE,MATCH_NO,COMMNET_COUNT) values (1,14,4,1,'B','돼지 vs 박쥐돌이','F',to_date('18/04/17','RR/MM/DD'),2,10,to_timestamp('18/05/17 22:36:58.849000000','RR/MM/DD HH24:MI:SSXFF'),5,0);
Insert into GRANDPRINGLES.BOARDS (BOARD_NO,USER_NO,GRND_NO,GRND_NUM,CATEGORY,TITLE,IS_UPDATE,LAST_MODIFIED,VIEW_CNT,LIKING,REGDATE,MATCH_NO,COMMNET_COUNT) values (2,14,4,1,'D','탑 최강 OP 캐릭터는?','T',to_date('18/04/19','RR/MM/DD'),4,22,to_timestamp('18/05/17 22:36:58.852000000','RR/MM/DD HH24:MI:SSXFF'),6,0);
Insert into GRANDPRINGLES.BOARDS (BOARD_NO,USER_NO,GRND_NO,GRND_NUM,CATEGORY,TITLE,IS_UPDATE,LAST_MODIFIED,VIEW_CNT,LIKING,REGDATE,MATCH_NO,COMMNET_COUNT) values (3,14,4,1,'T','사이온 vs 오른','F',to_date('18/04/18','RR/MM/DD'),0,7,to_timestamp('18/05/17 22:36:58.857000000','RR/MM/DD HH24:MI:SSXFF'),null,0);
Insert into GRANDPRINGLES.BOARDS (BOARD_NO,USER_NO,GRND_NO,GRND_NUM,CATEGORY,TITLE,IS_UPDATE,LAST_MODIFIED,VIEW_CNT,LIKING,REGDATE,MATCH_NO,COMMNET_COUNT) values (4,14,4,1,'T','와 서유리 운 보소','F',to_date('18/04/21','RR/MM/DD'),0,2,to_timestamp('18/05/17 22:36:58.862000000','RR/MM/DD HH24:MI:SSXFF'),null,0);
Insert into GRANDPRINGLES.BOARDS (BOARD_NO,USER_NO,GRND_NO,GRND_NUM,CATEGORY,TITLE,IS_UPDATE,LAST_MODIFIED,VIEW_CNT,LIKING,REGDATE,MATCH_NO,COMMNET_COUNT) values (5,16,4,1,'T','이변경기 진짜 꿀잼이였어요!!','F',to_date('18/04/17','RR/MM/DD'),2,3,to_timestamp('18/05/17 22:36:58.865000000','RR/MM/DD HH24:MI:SSXFF'),1,0);
Insert into GRANDPRINGLES.BOARDS (BOARD_NO,USER_NO,GRND_NO,GRND_NUM,CATEGORY,TITLE,IS_UPDATE,LAST_MODIFIED,VIEW_CNT,LIKING,REGDATE,MATCH_NO,COMMNET_COUNT) values (6,9,4,1,'T','다음경기가 너무 기대되요!','F',to_date('18/04/18','RR/MM/DD'),2,5,to_timestamp('18/05/17 22:36:58.869000000','RR/MM/DD HH24:MI:SSXFF'),2,0);
Insert into GRANDPRINGLES.BOARDS (BOARD_NO,USER_NO,GRND_NO,GRND_NUM,CATEGORY,TITLE,IS_UPDATE,LAST_MODIFIED,VIEW_CNT,LIKING,REGDATE,MATCH_NO,COMMNET_COUNT) values (7,10,4,1,'T','이번경기 보신분?','F',to_date('18/04/18','RR/MM/DD'),6,8,to_timestamp('18/05/17 22:36:58.873000000','RR/MM/DD HH24:MI:SSXFF'),3,0);
Insert into GRANDPRINGLES.BOARDS (BOARD_NO,USER_NO,GRND_NO,GRND_NUM,CATEGORY,TITLE,IS_UPDATE,LAST_MODIFIED,VIEW_CNT,LIKING,REGDATE,MATCH_NO,COMMNET_COUNT) values (8,2,4,1,'M','이 영상 좀 보세요','F',to_date('18/04/19','RR/MM/DD'),24,13,to_timestamp('18/05/17 22:36:58.877000000','RR/MM/DD HH24:MI:SSXFF'),4,0);
Insert into GRANDPRINGLES.BOARDS (BOARD_NO,USER_NO,GRND_NO,GRND_NUM,CATEGORY,TITLE,IS_UPDATE,LAST_MODIFIED,VIEW_CNT,LIKING,REGDATE,MATCH_NO,COMMNET_COUNT) values (9,17,4,1,'B','123123','F',to_date('18/05/18','RR/MM/DD'),10,0,to_timestamp('18/05/18 18:18:39.591000000','RR/MM/DD HH24:MI:SSXFF'),null,0);
Insert into GRANDPRINGLES.BOARDS (BOARD_NO,USER_NO,GRND_NO,GRND_NUM,CATEGORY,TITLE,IS_UPDATE,LAST_MODIFIED,VIEW_CNT,LIKING,REGDATE,MATCH_NO,COMMNET_COUNT) values (10,1,4,1,'T','테스트1','F',to_date('18/05/18','RR/MM/DD'),4,0,to_timestamp('18/05/18 18:50:37.912000000','RR/MM/DD HH24:MI:SSXFF'),null,0);
Insert into GRANDPRINGLES.BOARDS (BOARD_NO,USER_NO,GRND_NO,GRND_NUM,CATEGORY,TITLE,IS_UPDATE,LAST_MODIFIED,VIEW_CNT,LIKING,REGDATE,MATCH_NO,COMMNET_COUNT) values (11,1,4,1,'B','안녕하세요 테스트','F',to_date('18/05/18','RR/MM/DD'),6,0,to_timestamp('18/05/18 18:51:00.310000000','RR/MM/DD HH24:MI:SSXFF'),3,0);
Insert into GRANDPRINGLES.BOARDS (BOARD_NO,USER_NO,GRND_NO,GRND_NUM,CATEGORY,TITLE,IS_UPDATE,LAST_MODIFIED,VIEW_CNT,LIKING,REGDATE,MATCH_NO,COMMNET_COUNT) values (12,1,4,1,'B','ㅇㅇ','F',to_date('18/05/18','RR/MM/DD'),6,0,to_timestamp('18/05/18 18:57:05.014000000','RR/MM/DD HH24:MI:SSXFF'),2,0);
REM INSERTING into GRANDPRINGLES.CLAUSES
SET DEFINE OFF;
Insert into GRANDPRINGLES.CLAUSES (GRND_NO,GRND_NUM,NUM,TITLE,CONTENT,IS_NECESSARY,REGDATE) values (1,1,1,'개인정보 수집 및 이용에 대한 안내','대회 참가 시점에 개최자가 이용자로부터 수집하는 개인정보는 아래와 같습니다. 1)대회에 임하는 각오, 2)아무말이나 적어주세요, 3)다음회차 대회에 참가 하실 의향이 있습니까?','F',to_timestamp('18/05/17 22:36:58.328000000','RR/MM/DD HH24:MI:SSXFF'));
Insert into GRANDPRINGLES.CLAUSES (GRND_NO,GRND_NUM,NUM,TITLE,CONTENT,IS_NECESSARY,REGDATE) values (2,1,1,'개인정보 수집 및 이용에 대한 안내','대회 참가 시점에 개최자가 이용자로부터 수집하는 개인정보는 아래와 같습니다. 1)참가자의 리그오브레전드 아이디 및 티어, 2)이름, 3)연락처(휴대폰번호 또는 이메일 주소 중 1개 선택)','T',to_timestamp('18/05/17 22:36:58.331000000','RR/MM/DD HH24:MI:SSXFF'));
Insert into GRANDPRINGLES.CLAUSES (GRND_NO,GRND_NUM,NUM,TITLE,CONTENT,IS_NECESSARY,REGDATE) values (3,1,1,'개인정보 수집 및 이용에 대한 안내','대회 참가 시점에 개최자가 이용자로부터 수집하는 개인정보는 아래와 같습니다. 1) 참가자의 핸드폰 번호, 2) 참가자의 리그오브레전드의 ID 및 티어','T',to_timestamp('18/05/17 22:36:58.334000000','RR/MM/DD HH24:MI:SSXFF'));
Insert into GRANDPRINGLES.CLAUSES (GRND_NO,GRND_NUM,NUM,TITLE,CONTENT,IS_NECESSARY,REGDATE) values (3,1,1,'동일한 개최자가 열리는 대회에 대한 알림','해당 개최자가 여는 다음 회차의 대회 or 비슷한 대회에 관하여 문자 서비스의 제공','F',to_timestamp('18/05/17 22:36:58.336000000','RR/MM/DD HH24:MI:SSXFF'));
Insert into GRANDPRINGLES.CLAUSES (GRND_NO,GRND_NUM,NUM,TITLE,CONTENT,IS_NECESSARY,REGDATE) values (4,1,1,'개인정보 수집 및 이용에 대한 안내','대회 참가 시점에 개최자가 이용자로부터 수집하는 개인정보는 아래와 같습니다. 1) 참가자의 리그오브레전드의 ID 및 티어','T',to_timestamp('18/05/17 22:36:58.340000000','RR/MM/DD HH24:MI:SSXFF'));
Insert into GRANDPRINGLES.CLAUSES (GRND_NO,GRND_NUM,NUM,TITLE,CONTENT,IS_NECESSARY,REGDATE) values (13,1,1,'dfseffsfs','<div>sdfsdfsdf</div>','T',to_timestamp('18/05/18 17:58:03.456000000','RR/MM/DD HH24:MI:SSXFF'));
REM INSERTING into GRANDPRINGLES.COMMENTS
SET DEFINE OFF;
Insert into GRANDPRINGLES.COMMENTS (NO,USER_NO,BOARD_NO,CONTENT,LIKING,REGDATE) values (1,16,1,'아 돈 꼴았어!!',0,to_timestamp('18/05/17 22:36:58.883000000','RR/MM/DD HH24:MI:SSXFF'));
Insert into GRANDPRINGLES.COMMENTS (NO,USER_NO,BOARD_NO,CONTENT,LIKING,REGDATE) values (2,1,3,'야 고레기가 그나마 젤 잘했다',0,to_timestamp('18/05/17 22:36:58.886000000','RR/MM/DD HH24:MI:SSXFF'));
Insert into GRANDPRINGLES.COMMENTS (NO,USER_NO,BOARD_NO,CONTENT,LIKING,REGDATE) values (3,3,3,'님 롤 알못?',0,to_timestamp('18/05/17 22:36:58.890000000','RR/MM/DD HH24:MI:SSXFF'));
Insert into GRANDPRINGLES.COMMENTS (NO,USER_NO,BOARD_NO,CONTENT,LIKING,REGDATE) values (4,1,3,'니보단 잘한다 나 마스터티어인데 그님티?',0,to_timestamp('18/05/17 22:36:58.894000000','RR/MM/DD HH24:MI:SSXFF'));
Insert into GRANDPRINGLES.COMMENTS (NO,USER_NO,BOARD_NO,CONTENT,LIKING,REGDATE) values (5,3,3,'게임 폐인 인생 종치셧네 ㅋㅋㅋ',0,to_timestamp('18/05/17 22:36:58.898000000','RR/MM/DD HH24:MI:SSXFF'));
Insert into GRANDPRINGLES.COMMENTS (NO,USER_NO,BOARD_NO,CONTENT,LIKING,REGDATE) values (6,1,3,'응 플레이 시간 니보다 낮어',0,to_timestamp('18/05/17 22:36:58.901000000','RR/MM/DD HH24:MI:SSXFF'));
Insert into GRANDPRINGLES.COMMENTS (NO,USER_NO,BOARD_NO,CONTENT,LIKING,REGDATE) values (7,12,4,'운도 실력이다.',0,to_timestamp('18/05/17 22:36:58.904000000','RR/MM/DD HH24:MI:SSXFF'));
Insert into GRANDPRINGLES.COMMENTS (NO,USER_NO,BOARD_NO,CONTENT,LIKING,REGDATE) values (8,14,4,'ㅇㅈ',0,to_timestamp('18/05/17 22:36:58.910000000','RR/MM/DD HH24:MI:SSXFF'));
Insert into GRANDPRINGLES.COMMENTS (NO,USER_NO,BOARD_NO,CONTENT,LIKING,REGDATE) values (9,5,5,'ㅋㅋㅋㅋㅋㅋ이번경기 세상꿀잼!',0,to_timestamp('18/05/17 22:36:58.914000000','RR/MM/DD HH24:MI:SSXFF'));
Insert into GRANDPRINGLES.COMMENTS (NO,USER_NO,BOARD_NO,CONTENT,LIKING,REGDATE) values (10,2,5,'이번경기 진짜 재미있었음 다시보기 보러가야지!',0,to_timestamp('18/05/17 22:36:58.917000000','RR/MM/DD HH24:MI:SSXFF'));
Insert into GRANDPRINGLES.COMMENTS (NO,USER_NO,BOARD_NO,CONTENT,LIKING,REGDATE) values (11,5,6,'다음경기는 10번팀이 무조건 이길듯?',0,to_timestamp('18/05/17 22:36:58.921000000','RR/MM/DD HH24:MI:SSXFF'));
Insert into GRANDPRINGLES.COMMENTS (NO,USER_NO,BOARD_NO,CONTENT,LIKING,REGDATE) values (12,13,6,'혜요님은 어딜가나 댓글이 있네;;',0,to_timestamp('18/05/17 22:36:58.926000000','RR/MM/DD HH24:MI:SSXFF'));
Insert into GRANDPRINGLES.COMMENTS (NO,USER_NO,BOARD_NO,CONTENT,LIKING,REGDATE) values (13,5,7,'이번경기 나는 엄청 재미없을꺼 같은데??',0,to_timestamp('18/05/17 22:36:58.929000000','RR/MM/DD HH24:MI:SSXFF'));
Insert into GRANDPRINGLES.COMMENTS (NO,USER_NO,BOARD_NO,CONTENT,LIKING,REGDATE) values (14,10,7,'싸우지마세요 ----------밑으로 답글달면 지상렬',0,to_timestamp('18/05/17 22:36:58.931000000','RR/MM/DD HH24:MI:SSXFF'));
Insert into GRANDPRINGLES.COMMENTS (NO,USER_NO,BOARD_NO,CONTENT,LIKING,REGDATE) values (15,11,8,'이거 진짜 인정 개재미있었음',0,to_timestamp('18/05/17 22:36:58.936000000','RR/MM/DD HH24:MI:SSXFF'));
Insert into GRANDPRINGLES.COMMENTS (NO,USER_NO,BOARD_NO,CONTENT,LIKING,REGDATE) values (16,2,8,'얼른 봐봐야겠다',0,to_timestamp('18/05/17 22:36:58.940000000','RR/MM/DD HH24:MI:SSXFF'));
Insert into GRANDPRINGLES.COMMENTS (NO,USER_NO,BOARD_NO,CONTENT,LIKING,REGDATE) values (17,17,9,'123123',1,to_timestamp('18/05/18 18:21:04.145000000','RR/MM/DD HH24:MI:SSXFF'));
REM INSERTING into GRANDPRINGLES.DISCUSSIONS
SET DEFINE OFF;
REM INSERTING into GRANDPRINGLES.GAMES
SET DEFINE OFF;
Insert into GRANDPRINGLES.GAMES (MATCH_NO,SEQ,WINNER_NO,REGDATE) values (6,3,4,to_timestamp('18/05/17 22:37:06.738000000','RR/MM/DD HH24:MI:SSXFF'));
Insert into GRANDPRINGLES.GAMES (MATCH_NO,SEQ,WINNER_NO,REGDATE) values (1,1,16,to_timestamp('18/04/16 18:52:27.000000000','RR/MM/DD HH24:MI:SSXFF'));
Insert into GRANDPRINGLES.GAMES (MATCH_NO,SEQ,WINNER_NO,REGDATE) values (1,2,16,to_timestamp('18/04/16 19:17:00.000000000','RR/MM/DD HH24:MI:SSXFF'));
Insert into GRANDPRINGLES.GAMES (MATCH_NO,SEQ,WINNER_NO,REGDATE) values (2,1,2,to_timestamp('18/04/16 20:25:00.000000000','RR/MM/DD HH24:MI:SSXFF'));
Insert into GRANDPRINGLES.GAMES (MATCH_NO,SEQ,WINNER_NO,REGDATE) values (2,2,8,to_timestamp('18/04/16 20:57:00.000000000','RR/MM/DD HH24:MI:SSXFF'));
Insert into GRANDPRINGLES.GAMES (MATCH_NO,SEQ,WINNER_NO,REGDATE) values (2,3,8,to_timestamp('18/04/16 21:35:00.000000000','RR/MM/DD HH24:MI:SSXFF'));
Insert into GRANDPRINGLES.GAMES (MATCH_NO,SEQ,WINNER_NO,REGDATE) values (3,1,10,to_timestamp('18/05/17 22:36:58.755000000','RR/MM/DD HH24:MI:SSXFF'));
Insert into GRANDPRINGLES.GAMES (MATCH_NO,SEQ,WINNER_NO,REGDATE) values (3,2,12,to_timestamp('18/05/17 22:36:58.758000000','RR/MM/DD HH24:MI:SSXFF'));
Insert into GRANDPRINGLES.GAMES (MATCH_NO,SEQ,WINNER_NO,REGDATE) values (3,3,10,to_timestamp('18/05/17 22:36:58.762000000','RR/MM/DD HH24:MI:SSXFF'));
Insert into GRANDPRINGLES.GAMES (MATCH_NO,SEQ,WINNER_NO,REGDATE) values (4,1,14,to_timestamp('18/05/17 22:36:58.792000000','RR/MM/DD HH24:MI:SSXFF'));
Insert into GRANDPRINGLES.GAMES (MATCH_NO,SEQ,WINNER_NO,REGDATE) values (4,2,14,to_timestamp('18/05/17 22:36:58.795000000','RR/MM/DD HH24:MI:SSXFF'));
Insert into GRANDPRINGLES.GAMES (MATCH_NO,SEQ,WINNER_NO,REGDATE) values (6,1,7,to_timestamp('18/05/17 22:36:58.820000000','RR/MM/DD HH24:MI:SSXFF'));
Insert into GRANDPRINGLES.GAMES (MATCH_NO,SEQ,WINNER_NO,REGDATE) values (6,2,4,to_timestamp('18/05/17 22:36:58.829000000','RR/MM/DD HH24:MI:SSXFF'));
Insert into GRANDPRINGLES.GAMES (MATCH_NO,SEQ,WINNER_NO,REGDATE) values (5,1,1,to_timestamp('18/05/18 00:18:40.981000000','RR/MM/DD HH24:MI:SSXFF'));
Insert into GRANDPRINGLES.GAMES (MATCH_NO,SEQ,WINNER_NO,REGDATE) values (1,3,16,to_timestamp('18/08/13 16:20:42.382000000','RR/MM/DD HH24:MI:SSXFF'));
REM INSERTING into GRANDPRINGLES.GRANDPRIXES
SET DEFINE OFF;
Insert into GRANDPRINGLES.GRANDPRIXES (GRND_NO,NUM,OWNER_NO,PARTICIPANT_ANNOUNCE,PART_TYPE,IS_SHOW_PARTICIPANT,IS_WANTED_PARTICIPANT,IS_APPLICATION,START_DATE,END_DATE,END_DATE_APPLICATION,CHANNEL_ID,INTRO,RULE,IS_SHOW,IMAGE,MEMBERS_PER_TEAM,MAX_PARTICIPANT,WAIT_PARTICIPANT,TYPE,NUMBER_OF_PARTICIPANT,SEEDING_TYPE,STATUS,WINNER,REGDATE) values (4,1,12,'참가자격:모든티어, 맵 : 소환사협곡 , 탑: 1:1대결','P','T','T','T',to_date('18/04/16','RR/MM/DD'),to_date('18/04/20','RR/MM/DD'),to_date('18/04/15','RR/MM/DD'),'hanryang1125','이 대회는 탑 1:1 대결로써 최고의 탑신병자를 가리는 대회입니다!','귀환을 하지 않고, 탑라인에서 어떤 방법을 써서라도 선취점을 획득하시면 됩니다!','T','top.jpg',5,15,3,'S',12,'R','W',null,to_timestamp('18/05/17 22:36:58.298000000','RR/MM/DD HH24:MI:SSXFF'));
Insert into GRANDPRINGLES.GRANDPRIXES (GRND_NO,NUM,OWNER_NO,PARTICIPANT_ANNOUNCE,PART_TYPE,IS_SHOW_PARTICIPANT,IS_WANTED_PARTICIPANT,IS_APPLICATION,START_DATE,END_DATE,END_DATE_APPLICATION,CHANNEL_ID,INTRO,RULE,IS_SHOW,IMAGE,MEMBERS_PER_TEAM,MAX_PARTICIPANT,WAIT_PARTICIPANT,TYPE,NUMBER_OF_PARTICIPANT,SEEDING_TYPE,STATUS,WINNER,REGDATE) values (2,1,11,'다이아 1 이상','T','T','T','T',to_date('18/04/20','RR/MM/DD'),to_date('18/04/28','RR/MM/DD'),to_date('18/04/18','RR/MM/DD'),'eminho','이민호가 준비한 이벤트 대회입니다.','이벤트 게임 룰에 따른 승리시 승리합니다.','T','suzi.jpg',5,10,0,'E',10,'R','W',null,to_timestamp('18/05/17 22:36:58.302000000','RR/MM/DD HH24:MI:SSXFF'));
Insert into GRANDPRINGLES.GRANDPRIXES (GRND_NO,NUM,OWNER_NO,PARTICIPANT_ANNOUNCE,PART_TYPE,IS_SHOW_PARTICIPANT,IS_WANTED_PARTICIPANT,IS_APPLICATION,START_DATE,END_DATE,END_DATE_APPLICATION,CHANNEL_ID,INTRO,RULE,IS_SHOW,IMAGE,MEMBERS_PER_TEAM,MAX_PARTICIPANT,WAIT_PARTICIPANT,TYPE,NUMBER_OF_PARTICIPANT,SEEDING_TYPE,STATUS,WINNER,REGDATE) values (1,1,6,'다 나가주세요, 혼자있고싶네요.','T','T','T','T',to_date('18/04/18','RR/MM/DD'),to_date('18/04/21','RR/MM/DD'),to_date('18/04/17','RR/MM/DD'),'hanryang1125','안녕하세요. 안녕히가세요','먼저 1등을 차지하면 이깁니다','T','Default',5,50,20,'W',31,'R','W',null,to_timestamp('18/05/17 22:36:58.305000000','RR/MM/DD HH24:MI:SSXFF'));
Insert into GRANDPRINGLES.GRANDPRIXES (GRND_NO,NUM,OWNER_NO,PARTICIPANT_ANNOUNCE,PART_TYPE,IS_SHOW_PARTICIPANT,IS_WANTED_PARTICIPANT,IS_APPLICATION,START_DATE,END_DATE,END_DATE_APPLICATION,CHANNEL_ID,INTRO,RULE,IS_SHOW,IMAGE,MEMBERS_PER_TEAM,MAX_PARTICIPANT,WAIT_PARTICIPANT,TYPE,NUMBER_OF_PARTICIPANT,SEEDING_TYPE,STATUS,WINNER,REGDATE) values (3,1,1,'참가자격 : 마스터 이상, 주라인 : 미드라이너, 맵 : 칼바람나락','P','T','T','T',to_date('18/04/20','RR/MM/DD'),to_date('18/04/22','RR/MM/DD'),to_date('18/04/18','RR/MM/DD'),'lo10002','본 대회는 아마추어 최고의 미드라이너를 뽑는 대회로써, 우승자는 페이커와 1:1 대결을 펼치고 선취점을 획득시 SKT T1의 미드라이너 연습생자격이 주어지는 대회이다.','칼바람 협곡에서 선취점을 획득하거나 먼저 CS 80개를 획득시 승리한다.','T','midFigter.png',1,16,2,'W',16,'R','W',null,to_timestamp('18/05/17 22:36:58.309000000','RR/MM/DD HH24:MI:SSXFF'));
Insert into GRANDPRINGLES.GRANDPRIXES (GRND_NO,NUM,OWNER_NO,PARTICIPANT_ANNOUNCE,PART_TYPE,IS_SHOW_PARTICIPANT,IS_WANTED_PARTICIPANT,IS_APPLICATION,START_DATE,END_DATE,END_DATE_APPLICATION,CHANNEL_ID,INTRO,RULE,IS_SHOW,IMAGE,MEMBERS_PER_TEAM,MAX_PARTICIPANT,WAIT_PARTICIPANT,TYPE,NUMBER_OF_PARTICIPANT,SEEDING_TYPE,STATUS,WINNER,REGDATE) values (5,1,1,'Default','D','D','D','D',to_date('18/01/01','RR/MM/DD'),to_date('18/01/01','RR/MM/DD'),to_date('18/01/01','RR/MM/DD'),'Default','Default','Default','D','Default',0,0,0,'D',0,'D','W',null,to_timestamp('18/05/18 15:03:56.261000000','RR/MM/DD HH24:MI:SSXFF'));
Insert into GRANDPRINGLES.GRANDPRIXES (GRND_NO,NUM,OWNER_NO,PARTICIPANT_ANNOUNCE,PART_TYPE,IS_SHOW_PARTICIPANT,IS_WANTED_PARTICIPANT,IS_APPLICATION,START_DATE,END_DATE,END_DATE_APPLICATION,CHANNEL_ID,INTRO,RULE,IS_SHOW,IMAGE,MEMBERS_PER_TEAM,MAX_PARTICIPANT,WAIT_PARTICIPANT,TYPE,NUMBER_OF_PARTICIPANT,SEEDING_TYPE,STATUS,WINNER,REGDATE) values (6,1,1,'Default','D','D','D','D',to_date('18/01/01','RR/MM/DD'),to_date('18/01/01','RR/MM/DD'),to_date('18/01/01','RR/MM/DD'),'Default','Default','Default','D','Default',0,0,0,'D',0,'D','W',null,to_timestamp('18/05/18 15:04:11.258000000','RR/MM/DD HH24:MI:SSXFF'));
Insert into GRANDPRINGLES.GRANDPRIXES (GRND_NO,NUM,OWNER_NO,PARTICIPANT_ANNOUNCE,PART_TYPE,IS_SHOW_PARTICIPANT,IS_WANTED_PARTICIPANT,IS_APPLICATION,START_DATE,END_DATE,END_DATE_APPLICATION,CHANNEL_ID,INTRO,RULE,IS_SHOW,IMAGE,MEMBERS_PER_TEAM,MAX_PARTICIPANT,WAIT_PARTICIPANT,TYPE,NUMBER_OF_PARTICIPANT,SEEDING_TYPE,STATUS,WINNER,REGDATE) values (7,1,1,'Default','D','D','D','D',to_date('18/01/01','RR/MM/DD'),to_date('18/01/01','RR/MM/DD'),to_date('18/01/01','RR/MM/DD'),'Default','Default','Default','D','Default',0,0,0,'D',0,'D','W',null,to_timestamp('18/05/18 15:05:06.506000000','RR/MM/DD HH24:MI:SSXFF'));
Insert into GRANDPRINGLES.GRANDPRIXES (GRND_NO,NUM,OWNER_NO,PARTICIPANT_ANNOUNCE,PART_TYPE,IS_SHOW_PARTICIPANT,IS_WANTED_PARTICIPANT,IS_APPLICATION,START_DATE,END_DATE,END_DATE_APPLICATION,CHANNEL_ID,INTRO,RULE,IS_SHOW,IMAGE,MEMBERS_PER_TEAM,MAX_PARTICIPANT,WAIT_PARTICIPANT,TYPE,NUMBER_OF_PARTICIPANT,SEEDING_TYPE,STATUS,WINNER,REGDATE) values (8,1,1,'Default','D','D','D','D',to_date('18/01/01','RR/MM/DD'),to_date('18/01/01','RR/MM/DD'),to_date('18/01/01','RR/MM/DD'),'Default','Default','Default','D','Default',0,0,0,'D',0,'D','W',null,to_timestamp('18/05/18 15:05:16.595000000','RR/MM/DD HH24:MI:SSXFF'));
Insert into GRANDPRINGLES.GRANDPRIXES (GRND_NO,NUM,OWNER_NO,PARTICIPANT_ANNOUNCE,PART_TYPE,IS_SHOW_PARTICIPANT,IS_WANTED_PARTICIPANT,IS_APPLICATION,START_DATE,END_DATE,END_DATE_APPLICATION,CHANNEL_ID,INTRO,RULE,IS_SHOW,IMAGE,MEMBERS_PER_TEAM,MAX_PARTICIPANT,WAIT_PARTICIPANT,TYPE,NUMBER_OF_PARTICIPANT,SEEDING_TYPE,STATUS,WINNER,REGDATE) values (9,1,1,'Default','D','D','D','D',to_date('18/01/01','RR/MM/DD'),to_date('18/01/01','RR/MM/DD'),to_date('18/01/01','RR/MM/DD'),'Default','Default','Default','D','Default',0,0,0,'D',0,'D','D',null,to_timestamp('18/05/18 15:08:13.807000000','RR/MM/DD HH24:MI:SSXFF'));
Insert into GRANDPRINGLES.GRANDPRIXES (GRND_NO,NUM,OWNER_NO,PARTICIPANT_ANNOUNCE,PART_TYPE,IS_SHOW_PARTICIPANT,IS_WANTED_PARTICIPANT,IS_APPLICATION,START_DATE,END_DATE,END_DATE_APPLICATION,CHANNEL_ID,INTRO,RULE,IS_SHOW,IMAGE,MEMBERS_PER_TEAM,MAX_PARTICIPANT,WAIT_PARTICIPANT,TYPE,NUMBER_OF_PARTICIPANT,SEEDING_TYPE,STATUS,WINNER,REGDATE) values (10,1,1,'Default','D','D','D','D',to_date('18/01/01','RR/MM/DD'),to_date('18/01/01','RR/MM/DD'),to_date('18/01/01','RR/MM/DD'),'Default','Default','Default','D','Default',0,0,0,'D',0,'D','D',null,to_timestamp('18/05/18 15:08:19.233000000','RR/MM/DD HH24:MI:SSXFF'));
Insert into GRANDPRINGLES.GRANDPRIXES (GRND_NO,NUM,OWNER_NO,PARTICIPANT_ANNOUNCE,PART_TYPE,IS_SHOW_PARTICIPANT,IS_WANTED_PARTICIPANT,IS_APPLICATION,START_DATE,END_DATE,END_DATE_APPLICATION,CHANNEL_ID,INTRO,RULE,IS_SHOW,IMAGE,MEMBERS_PER_TEAM,MAX_PARTICIPANT,WAIT_PARTICIPANT,TYPE,NUMBER_OF_PARTICIPANT,SEEDING_TYPE,STATUS,WINNER,REGDATE) values (11,1,1,'Default','D','D','D','D',to_date('18/01/01','RR/MM/DD'),to_date('18/01/01','RR/MM/DD'),to_date('18/01/01','RR/MM/DD'),'Default','Default','Default','D','Default',0,0,0,'D',0,'D','D',null,to_timestamp('18/05/18 15:08:24.149000000','RR/MM/DD HH24:MI:SSXFF'));
Insert into GRANDPRINGLES.GRANDPRIXES (GRND_NO,NUM,OWNER_NO,PARTICIPANT_ANNOUNCE,PART_TYPE,IS_SHOW_PARTICIPANT,IS_WANTED_PARTICIPANT,IS_APPLICATION,START_DATE,END_DATE,END_DATE_APPLICATION,CHANNEL_ID,INTRO,RULE,IS_SHOW,IMAGE,MEMBERS_PER_TEAM,MAX_PARTICIPANT,WAIT_PARTICIPANT,TYPE,NUMBER_OF_PARTICIPANT,SEEDING_TYPE,STATUS,WINNER,REGDATE) values (12,1,1,'Default','D','D','D','D',to_date('18/01/01','RR/MM/DD'),to_date('18/01/01','RR/MM/DD'),to_date('18/01/01','RR/MM/DD'),'Default','Default','Default','D','Default',0,0,0,'D',0,'D','D',null,to_timestamp('18/05/18 15:08:31.074000000','RR/MM/DD HH24:MI:SSXFF'));
Insert into GRANDPRINGLES.GRANDPRIXES (GRND_NO,NUM,OWNER_NO,PARTICIPANT_ANNOUNCE,PART_TYPE,IS_SHOW_PARTICIPANT,IS_WANTED_PARTICIPANT,IS_APPLICATION,START_DATE,END_DATE,END_DATE_APPLICATION,CHANNEL_ID,INTRO,RULE,IS_SHOW,IMAGE,MEMBERS_PER_TEAM,MAX_PARTICIPANT,WAIT_PARTICIPANT,TYPE,NUMBER_OF_PARTICIPANT,SEEDING_TYPE,STATUS,WINNER,REGDATE) values (13,1,17,'<div>꼭 시간을 지켜주세요!</div>','T','T','T','T',to_date('18/05/23','RR/MM/DD'),to_date('18/05/24','RR/MM/DD'),to_date('18/05/22','RR/MM/DD'),'wl5407','<div>저희대회는~~~~~~~~~</div>','<div>저희 대회 룰은~~~~~~~~~~~~</div>','T','4dcbd8b0-2d89-4708-bcc7-6e1a9b2c998d.png',8,8,2,'T',0,'R','W',null,to_timestamp('18/05/18 17:56:13.608000000','RR/MM/DD HH24:MI:SSXFF'));
Insert into GRANDPRINGLES.GRANDPRIXES (GRND_NO,NUM,OWNER_NO,PARTICIPANT_ANNOUNCE,PART_TYPE,IS_SHOW_PARTICIPANT,IS_WANTED_PARTICIPANT,IS_APPLICATION,START_DATE,END_DATE,END_DATE_APPLICATION,CHANNEL_ID,INTRO,RULE,IS_SHOW,IMAGE,MEMBERS_PER_TEAM,MAX_PARTICIPANT,WAIT_PARTICIPANT,TYPE,NUMBER_OF_PARTICIPANT,SEEDING_TYPE,STATUS,WINNER,REGDATE) values (14,1,17,'Default','D','D','D','D',to_date('18/01/01','RR/MM/DD'),to_date('18/01/01','RR/MM/DD'),to_date('18/01/01','RR/MM/DD'),'Default','Default','Default','D','Default',0,0,0,'D',0,'D','D',null,to_timestamp('18/05/18 18:04:17.193000000','RR/MM/DD HH24:MI:SSXFF'));
Insert into GRANDPRINGLES.GRANDPRIXES (GRND_NO,NUM,OWNER_NO,PARTICIPANT_ANNOUNCE,PART_TYPE,IS_SHOW_PARTICIPANT,IS_WANTED_PARTICIPANT,IS_APPLICATION,START_DATE,END_DATE,END_DATE_APPLICATION,CHANNEL_ID,INTRO,RULE,IS_SHOW,IMAGE,MEMBERS_PER_TEAM,MAX_PARTICIPANT,WAIT_PARTICIPANT,TYPE,NUMBER_OF_PARTICIPANT,SEEDING_TYPE,STATUS,WINNER,REGDATE) values (15,1,17,'Default','D','D','D','D',to_date('18/01/01','RR/MM/DD'),to_date('18/01/01','RR/MM/DD'),to_date('18/01/01','RR/MM/DD'),'Default','Default','Default','D','Default',0,0,0,'D',0,'D','D',null,to_timestamp('18/05/18 18:04:25.832000000','RR/MM/DD HH24:MI:SSXFF'));
Insert into GRANDPRINGLES.GRANDPRIXES (GRND_NO,NUM,OWNER_NO,PARTICIPANT_ANNOUNCE,PART_TYPE,IS_SHOW_PARTICIPANT,IS_WANTED_PARTICIPANT,IS_APPLICATION,START_DATE,END_DATE,END_DATE_APPLICATION,CHANNEL_ID,INTRO,RULE,IS_SHOW,IMAGE,MEMBERS_PER_TEAM,MAX_PARTICIPANT,WAIT_PARTICIPANT,TYPE,NUMBER_OF_PARTICIPANT,SEEDING_TYPE,STATUS,WINNER,REGDATE) values (16,1,12,'Default','D','D','D','D',to_date('18/01/01','RR/MM/DD'),to_date('18/01/01','RR/MM/DD'),to_date('18/01/01','RR/MM/DD'),'Default','Default','Default','D','Default',0,0,0,'D',0,'D','D',null,to_timestamp('18/05/18 18:36:30.286000000','RR/MM/DD HH24:MI:SSXFF'));
Insert into GRANDPRINGLES.GRANDPRIXES (GRND_NO,NUM,OWNER_NO,PARTICIPANT_ANNOUNCE,PART_TYPE,IS_SHOW_PARTICIPANT,IS_WANTED_PARTICIPANT,IS_APPLICATION,START_DATE,END_DATE,END_DATE_APPLICATION,CHANNEL_ID,INTRO,RULE,IS_SHOW,IMAGE,MEMBERS_PER_TEAM,MAX_PARTICIPANT,WAIT_PARTICIPANT,TYPE,NUMBER_OF_PARTICIPANT,SEEDING_TYPE,STATUS,WINNER,REGDATE) values (17,1,12,'Default','D','D','D','D',to_date('18/01/01','RR/MM/DD'),to_date('18/01/01','RR/MM/DD'),to_date('18/01/01','RR/MM/DD'),'Default','Default','Default','D','Default',0,0,0,'D',0,'D','D',null,to_timestamp('18/05/18 19:05:08.529000000','RR/MM/DD HH24:MI:SSXFF'));
REM INSERTING into GRANDPRINGLES.GRANDPRIX_NAMES
SET DEFINE OFF;
Insert into GRANDPRINGLES.GRANDPRIX_NAMES (NO,OWNER_NO,TITLE,LIKING,REGDATE) values (1,6,'현규야 뭐하니',0,to_timestamp('18/05/17 22:36:58.281000000','RR/MM/DD HH24:MI:SSXFF'));
Insert into GRANDPRINGLES.GRANDPRIX_NAMES (NO,OWNER_NO,TITLE,LIKING,REGDATE) values (2,11,'ComeBack Suzi League Of Legend',0,to_timestamp('18/05/17 22:36:58.284000000','RR/MM/DD HH24:MI:SSXFF'));
Insert into GRANDPRINGLES.GRANDPRIX_NAMES (NO,OWNER_NO,TITLE,LIKING,REGDATE) values (3,1,'EPL',0,to_timestamp('18/05/17 22:36:58.287000000','RR/MM/DD HH24:MI:SSXFF'));
Insert into GRANDPRINGLES.GRANDPRIX_NAMES (NO,OWNER_NO,TITLE,LIKING,REGDATE) values (4,12,'롤러와',0,to_timestamp('18/05/17 22:36:58.291000000','RR/MM/DD HH24:MI:SSXFF'));
Insert into GRANDPRINGLES.GRANDPRIX_NAMES (NO,OWNER_NO,TITLE,LIKING,REGDATE) values (5,1,null,0,to_timestamp('18/05/18 15:03:56.249000000','RR/MM/DD HH24:MI:SSXFF'));
Insert into GRANDPRINGLES.GRANDPRIX_NAMES (NO,OWNER_NO,TITLE,LIKING,REGDATE) values (6,1,null,0,to_timestamp('18/05/18 15:04:11.253000000','RR/MM/DD HH24:MI:SSXFF'));
Insert into GRANDPRINGLES.GRANDPRIX_NAMES (NO,OWNER_NO,TITLE,LIKING,REGDATE) values (7,1,null,0,to_timestamp('18/05/18 15:05:06.498000000','RR/MM/DD HH24:MI:SSXFF'));
Insert into GRANDPRINGLES.GRANDPRIX_NAMES (NO,OWNER_NO,TITLE,LIKING,REGDATE) values (8,1,null,0,to_timestamp('18/05/18 15:05:16.590000000','RR/MM/DD HH24:MI:SSXFF'));
Insert into GRANDPRINGLES.GRANDPRIX_NAMES (NO,OWNER_NO,TITLE,LIKING,REGDATE) values (9,1,null,0,to_timestamp('18/05/18 15:08:13.781000000','RR/MM/DD HH24:MI:SSXFF'));
Insert into GRANDPRINGLES.GRANDPRIX_NAMES (NO,OWNER_NO,TITLE,LIKING,REGDATE) values (10,1,null,0,to_timestamp('18/05/18 15:08:19.224000000','RR/MM/DD HH24:MI:SSXFF'));
Insert into GRANDPRINGLES.GRANDPRIX_NAMES (NO,OWNER_NO,TITLE,LIKING,REGDATE) values (11,1,null,0,to_timestamp('18/05/18 15:08:24.139000000','RR/MM/DD HH24:MI:SSXFF'));
Insert into GRANDPRINGLES.GRANDPRIX_NAMES (NO,OWNER_NO,TITLE,LIKING,REGDATE) values (12,1,null,0,to_timestamp('18/05/18 15:08:31.065000000','RR/MM/DD HH24:MI:SSXFF'));
Insert into GRANDPRINGLES.GRANDPRIX_NAMES (NO,OWNER_NO,TITLE,LIKING,REGDATE) values (13,17,'호롤롤로',0,to_timestamp('18/05/18 17:56:13.520000000','RR/MM/DD HH24:MI:SSXFF'));
Insert into GRANDPRINGLES.GRANDPRIX_NAMES (NO,OWNER_NO,TITLE,LIKING,REGDATE) values (14,17,null,0,to_timestamp('18/05/18 18:04:17.183000000','RR/MM/DD HH24:MI:SSXFF'));
Insert into GRANDPRINGLES.GRANDPRIX_NAMES (NO,OWNER_NO,TITLE,LIKING,REGDATE) values (15,17,null,0,to_timestamp('18/05/18 18:04:25.822000000','RR/MM/DD HH24:MI:SSXFF'));
Insert into GRANDPRINGLES.GRANDPRIX_NAMES (NO,OWNER_NO,TITLE,LIKING,REGDATE) values (16,12,null,0,to_timestamp('18/05/18 18:36:30.183000000','RR/MM/DD HH24:MI:SSXFF'));
Insert into GRANDPRINGLES.GRANDPRIX_NAMES (NO,OWNER_NO,TITLE,LIKING,REGDATE) values (17,12,null,0,to_timestamp('18/05/18 19:05:08.460000000','RR/MM/DD HH24:MI:SSXFF'));
REM INSERTING into GRANDPRINGLES.LIKINGS
SET DEFINE OFF;
Insert into GRANDPRINGLES.LIKINGS (NO,USER_NO,TYPE,CONTENT_ID,REGDATE) values (1,17,'C',17,to_timestamp('18/05/18 18:21:11.260000000','RR/MM/DD HH24:MI:SSXFF'));
REM INSERTING into GRANDPRINGLES.MANAGERS
SET DEFINE OFF;
Insert into GRANDPRINGLES.MANAGERS (GRND_NO,GRND_NUM,ADMIN_NO,REGDATE) values (1,1,3,to_timestamp('18/05/17 22:36:58.314000000','RR/MM/DD HH24:MI:SSXFF'));
Insert into GRANDPRINGLES.MANAGERS (GRND_NO,GRND_NUM,ADMIN_NO,REGDATE) values (2,1,6,to_timestamp('18/05/17 22:36:58.318000000','RR/MM/DD HH24:MI:SSXFF'));
Insert into GRANDPRINGLES.MANAGERS (GRND_NO,GRND_NUM,ADMIN_NO,REGDATE) values (3,1,10,to_timestamp('18/05/17 22:36:58.320000000','RR/MM/DD HH24:MI:SSXFF'));
Insert into GRANDPRINGLES.MANAGERS (GRND_NO,GRND_NUM,ADMIN_NO,REGDATE) values (4,1,15,to_timestamp('18/05/17 22:36:58.324000000','RR/MM/DD HH24:MI:SSXFF'));
Insert into GRANDPRINGLES.MANAGERS (GRND_NO,GRND_NUM,ADMIN_NO,REGDATE) values (13,1,17,to_timestamp('18/05/18 17:56:13.610000000','RR/MM/DD HH24:MI:SSXFF'));
Insert into GRANDPRINGLES.MANAGERS (GRND_NO,GRND_NUM,ADMIN_NO,REGDATE) values (13,1,12,to_timestamp('18/05/18 17:56:42.341000000','RR/MM/DD HH24:MI:SSXFF'));
Insert into GRANDPRINGLES.MANAGERS (GRND_NO,GRND_NUM,ADMIN_NO,REGDATE) values (14,1,17,to_timestamp('18/05/18 18:04:17.193000000','RR/MM/DD HH24:MI:SSXFF'));
Insert into GRANDPRINGLES.MANAGERS (GRND_NO,GRND_NUM,ADMIN_NO,REGDATE) values (15,1,17,to_timestamp('18/05/18 18:04:25.834000000','RR/MM/DD HH24:MI:SSXFF'));
Insert into GRANDPRINGLES.MANAGERS (GRND_NO,GRND_NUM,ADMIN_NO,REGDATE) values (16,1,12,to_timestamp('18/05/18 18:36:30.287000000','RR/MM/DD HH24:MI:SSXFF'));
Insert into GRANDPRINGLES.MANAGERS (GRND_NO,GRND_NUM,ADMIN_NO,REGDATE) values (17,1,12,to_timestamp('18/05/18 19:05:08.531000000','RR/MM/DD HH24:MI:SSXFF'));
REM INSERTING into GRANDPRINGLES.MATCHS
SET DEFINE OFF;
Insert into GRANDPRINGLES.MATCHS (NO,GRND_NO,GRND_NUM,START_DATE,PART_TYPE,ROUND,RED,BLUE,STATUS,GAME_STATUS,MATCH_NUMBER,REGDATE) values (1,4,1,to_date('18/08/14','RR/MM/DD'),'P',1,16,9,'E',null,1,to_timestamp('18/05/17 22:36:58.687000000','RR/MM/DD HH24:MI:SSXFF'));
Insert into GRANDPRINGLES.MATCHS (NO,GRND_NO,GRND_NUM,START_DATE,PART_TYPE,ROUND,RED,BLUE,STATUS,GAME_STATUS,MATCH_NUMBER,REGDATE) values (2,4,1,to_date('18/04/16','RR/MM/DD'),'P',1,2,8,'B',null,2,to_timestamp('18/05/17 22:36:58.717000000','RR/MM/DD HH24:MI:SSXFF'));
Insert into GRANDPRINGLES.MATCHS (NO,GRND_NO,GRND_NUM,START_DATE,PART_TYPE,ROUND,RED,BLUE,STATUS,GAME_STATUS,MATCH_NUMBER,REGDATE) values (3,4,1,to_date('18/04/17','RR/MM/DD'),'P',1,10,12,'B',null,3,to_timestamp('18/05/17 22:36:58.751000000','RR/MM/DD HH24:MI:SSXFF'));
Insert into GRANDPRINGLES.MATCHS (NO,GRND_NO,GRND_NUM,START_DATE,PART_TYPE,ROUND,RED,BLUE,STATUS,GAME_STATUS,MATCH_NUMBER,REGDATE) values (4,4,1,to_date('18/04/17','RR/MM/DD'),'P',1,14,15,'B',null,4,to_timestamp('18/05/17 22:36:58.787000000','RR/MM/DD HH24:MI:SSXFF'));
Insert into GRANDPRINGLES.MATCHS (NO,GRND_NO,GRND_NUM,START_DATE,PART_TYPE,ROUND,RED,BLUE,STATUS,GAME_STATUS,MATCH_NUMBER,REGDATE) values (5,4,1,to_date('18/04/17','RR/MM/DD'),'P',1,3,1,'B',null,5,to_timestamp('18/05/17 22:36:58.813000000','RR/MM/DD HH24:MI:SSXFF'));
Insert into GRANDPRINGLES.MATCHS (NO,GRND_NO,GRND_NUM,START_DATE,PART_TYPE,ROUND,RED,BLUE,STATUS,GAME_STATUS,MATCH_NUMBER,REGDATE) values (6,4,1,to_date('18/04/17','RR/MM/DD'),'P',1,7,4,'B',null,6,to_timestamp('18/05/17 22:36:58.817000000','RR/MM/DD HH24:MI:SSXFF'));
Insert into GRANDPRINGLES.MATCHS (NO,GRND_NO,GRND_NUM,START_DATE,PART_TYPE,ROUND,RED,BLUE,STATUS,GAME_STATUS,MATCH_NUMBER,REGDATE) values (14,4,1,to_date('18/08/13','RR/MM/DD'),'P',2,16,null,'B',null,1,to_timestamp('18/08/13 16:40:02.512000000','RR/MM/DD HH24:MI:SSXFF'));
REM INSERTING into GRANDPRINGLES.PARTICIPANT_APPLICATIONS
SET DEFINE OFF;
Insert into GRANDPRINGLES.PARTICIPANT_APPLICATIONS (USER_NO,GRND_NO,NUM,GRND_NUM,IMAGE,CONTENT,REGDATE) values (16,4,1,1,null,'우승은 제가 합니다',to_timestamp('18/05/17 22:36:58.474000000','RR/MM/DD HH24:MI:SSXFF'));
Insert into GRANDPRINGLES.PARTICIPANT_APPLICATIONS (USER_NO,GRND_NO,NUM,GRND_NUM,IMAGE,CONTENT,REGDATE) values (16,4,2,1,'PLATINUM2.jpg.','플레티넘2 입니다',to_timestamp('18/05/17 22:36:58.477000000','RR/MM/DD HH24:MI:SSXFF'));
Insert into GRANDPRINGLES.PARTICIPANT_APPLICATIONS (USER_NO,GRND_NO,NUM,GRND_NUM,IMAGE,CONTENT,REGDATE) values (9,4,1,1,null,'저는 롤을 좋아하는 사람입니다',to_timestamp('18/05/17 22:36:58.482000000','RR/MM/DD HH24:MI:SSXFF'));
Insert into GRANDPRINGLES.PARTICIPANT_APPLICATIONS (USER_NO,GRND_NO,NUM,GRND_NUM,IMAGE,CONTENT,REGDATE) values (9,4,2,1,'GOLD5.jpg','골드5 입니다',to_timestamp('18/05/17 22:36:58.485000000','RR/MM/DD HH24:MI:SSXFF'));
Insert into GRANDPRINGLES.PARTICIPANT_APPLICATIONS (USER_NO,GRND_NO,NUM,GRND_NUM,IMAGE,CONTENT,REGDATE) values (2,4,1,1,null,'플레티넘 무시하지 마세요',to_timestamp('18/05/17 22:36:58.490000000','RR/MM/DD HH24:MI:SSXFF'));
Insert into GRANDPRINGLES.PARTICIPANT_APPLICATIONS (USER_NO,GRND_NO,NUM,GRND_NUM,IMAGE,CONTENT,REGDATE) values (2,4,2,1,'PLATINUM4.jpg','플레티넘4 입니다',to_timestamp('18/05/17 22:36:58.493000000','RR/MM/DD HH24:MI:SSXFF'));
Insert into GRANDPRINGLES.PARTICIPANT_APPLICATIONS (USER_NO,GRND_NO,NUM,GRND_NUM,IMAGE,CONTENT,REGDATE) values (8,4,1,1,null,'즐기는 자를 이길수는 없죠',to_timestamp('18/05/17 22:36:58.495000000','RR/MM/DD HH24:MI:SSXFF'));
Insert into GRANDPRINGLES.PARTICIPANT_APPLICATIONS (USER_NO,GRND_NO,NUM,GRND_NUM,IMAGE,CONTENT,REGDATE) values (8,4,2,1,'SILVER3.jpg','실버3 입니다.',to_timestamp('18/05/17 22:36:58.499000000','RR/MM/DD HH24:MI:SSXFF'));
Insert into GRANDPRINGLES.PARTICIPANT_APPLICATIONS (USER_NO,GRND_NO,NUM,GRND_NUM,IMAGE,CONTENT,REGDATE) values (10,4,1,1,null,'골드의 저력을 보여드리겠습니다',to_timestamp('18/05/17 22:36:58.501000000','RR/MM/DD HH24:MI:SSXFF'));
Insert into GRANDPRINGLES.PARTICIPANT_APPLICATIONS (USER_NO,GRND_NO,NUM,GRND_NUM,IMAGE,CONTENT,REGDATE) values (10,4,2,1,'GOLD2.jpg','골드2 입니다.',to_timestamp('18/05/17 22:36:58.507000000','RR/MM/DD HH24:MI:SSXFF'));
Insert into GRANDPRINGLES.PARTICIPANT_APPLICATIONS (USER_NO,GRND_NO,NUM,GRND_NUM,IMAGE,CONTENT,REGDATE) values (12,4,1,1,null,'다죽이러 왔습니다',to_timestamp('18/05/17 22:36:58.509000000','RR/MM/DD HH24:MI:SSXFF'));
Insert into GRANDPRINGLES.PARTICIPANT_APPLICATIONS (USER_NO,GRND_NO,NUM,GRND_NUM,IMAGE,CONTENT,REGDATE) values (12,4,2,1,'DIA5.jpg','다이아5 입니다.',to_timestamp('18/05/17 22:36:58.512000000','RR/MM/DD HH24:MI:SSXFF'));
Insert into GRANDPRINGLES.PARTICIPANT_APPLICATIONS (USER_NO,GRND_NO,NUM,GRND_NUM,IMAGE,CONTENT,REGDATE) values (14,4,1,1,null,'우승을 위해 왔습니다.',to_timestamp('18/05/17 22:36:58.514000000','RR/MM/DD HH24:MI:SSXFF'));
Insert into GRANDPRINGLES.PARTICIPANT_APPLICATIONS (USER_NO,GRND_NO,NUM,GRND_NUM,IMAGE,CONTENT,REGDATE) values (14,4,2,1,'ms.jpg','다이아 4입니다.',to_timestamp('18/05/17 22:36:58.517000000','RR/MM/DD HH24:MI:SSXFF'));
Insert into GRANDPRINGLES.PARTICIPANT_APPLICATIONS (USER_NO,GRND_NO,NUM,GRND_NUM,IMAGE,CONTENT,REGDATE) values (15,4,1,1,null,'성호라고해',to_timestamp('18/05/17 22:36:58.521000000','RR/MM/DD HH24:MI:SSXFF'));
Insert into GRANDPRINGLES.PARTICIPANT_APPLICATIONS (USER_NO,GRND_NO,NUM,GRND_NUM,IMAGE,CONTENT,REGDATE) values (15,4,2,1,'sh.jpg','골드 3이요.',to_timestamp('18/05/17 22:36:58.524000000','RR/MM/DD HH24:MI:SSXFF'));
Insert into GRANDPRINGLES.PARTICIPANT_APPLICATIONS (USER_NO,GRND_NO,NUM,GRND_NUM,IMAGE,CONTENT,REGDATE) values (3,4,1,1,'pig.jpg','돼지입니다.',to_timestamp('18/05/17 22:36:58.527000000','RR/MM/DD HH24:MI:SSXFF'));
Insert into GRANDPRINGLES.PARTICIPANT_APPLICATIONS (USER_NO,GRND_NO,NUM,GRND_NUM,IMAGE,CONTENT,REGDATE) values (3,4,2,1,'tier.jpg','골드 2',to_timestamp('18/05/17 22:36:58.529000000','RR/MM/DD HH24:MI:SSXFF'));
Insert into GRANDPRINGLES.PARTICIPANT_APPLICATIONS (USER_NO,GRND_NO,NUM,GRND_NUM,IMAGE,CONTENT,REGDATE) values (1,4,1,1,null,'다이아도 쓰레기다~ 마스터찍고와라',to_timestamp('18/05/17 22:36:58.532000000','RR/MM/DD HH24:MI:SSXFF'));
Insert into GRANDPRINGLES.PARTICIPANT_APPLICATIONS (USER_NO,GRND_NO,NUM,GRND_NUM,IMAGE,CONTENT,REGDATE) values (1,4,2,1,'master.jpg','마스터티어',to_timestamp('18/05/17 22:36:58.535000000','RR/MM/DD HH24:MI:SSXFF'));
Insert into GRANDPRINGLES.PARTICIPANT_APPLICATIONS (USER_NO,GRND_NO,NUM,GRND_NUM,IMAGE,CONTENT,REGDATE) values (7,4,1,1,null,'다이야갈수 있는데 진짜 억울하다.',to_timestamp('18/05/17 22:36:58.537000000','RR/MM/DD HH24:MI:SSXFF'));
Insert into GRANDPRINGLES.PARTICIPANT_APPLICATIONS (USER_NO,GRND_NO,NUM,GRND_NUM,IMAGE,CONTENT,REGDATE) values (7,4,2,1,'tier.jpg','플레 2',to_timestamp('18/05/17 22:36:58.542000000','RR/MM/DD HH24:MI:SSXFF'));
Insert into GRANDPRINGLES.PARTICIPANT_APPLICATIONS (USER_NO,GRND_NO,NUM,GRND_NUM,IMAGE,CONTENT,REGDATE) values (4,4,1,1,null,'1시 신데렐라 임수빈 입니다.',to_timestamp('18/05/17 22:36:58.547000000','RR/MM/DD HH24:MI:SSXFF'));
Insert into GRANDPRINGLES.PARTICIPANT_APPLICATIONS (USER_NO,GRND_NO,NUM,GRND_NUM,IMAGE,CONTENT,REGDATE) values (4,4,2,1,'tier.jpg','브론즈 4',to_timestamp('18/05/17 22:36:58.550000000','RR/MM/DD HH24:MI:SSXFF'));
Insert into GRANDPRINGLES.PARTICIPANT_APPLICATIONS (USER_NO,GRND_NO,NUM,GRND_NUM,IMAGE,CONTENT,REGDATE) values (12,1,1,1,'fbc60569-0585-4f17-8197-2fd659d23b7b.png','ㅎ롷로',to_timestamp('18/05/18 19:39:12.317000000','RR/MM/DD HH24:MI:SSXFF'));
Insert into GRANDPRINGLES.PARTICIPANT_APPLICATIONS (USER_NO,GRND_NO,NUM,GRND_NUM,IMAGE,CONTENT,REGDATE) values (12,1,2,1,null,'ㅎ롷로',to_timestamp('18/05/18 19:39:12.319000000','RR/MM/DD HH24:MI:SSXFF'));
Insert into GRANDPRINGLES.PARTICIPANT_APPLICATIONS (USER_NO,GRND_NO,NUM,GRND_NUM,IMAGE,CONTENT,REGDATE) values (1,13,1,1,'e1418ed8-4408-4beb-a6e1-710be7814940.jpg','ㅎ롷로',to_timestamp('18/05/18 19:45:13.672000000','RR/MM/DD HH24:MI:SSXFF'));
Insert into GRANDPRINGLES.PARTICIPANT_APPLICATIONS (USER_NO,GRND_NO,NUM,GRND_NUM,IMAGE,CONTENT,REGDATE) values (1,13,2,1,'15b90d1a-5877-44a3-a082-22e3c01f1f7c.png','ㅎ롷로',to_timestamp('18/05/18 19:45:13.904000000','RR/MM/DD HH24:MI:SSXFF'));
REM INSERTING into GRANDPRINGLES.PARTICIPANT_CONDITIONS
SET DEFINE OFF;
Insert into GRANDPRINGLES.PARTICIPANT_CONDITIONS (GRND_NO,GRND_NUM,NUM,IS_IMAGE,IS_NECESSARY,TITLE,REGDATE) values (1,1,1,'T','T','당신의 롤 티어가 플레티넘 이상입니까?',to_timestamp('18/05/17 22:36:58.347000000','RR/MM/DD HH24:MI:SSXFF'));
Insert into GRANDPRINGLES.PARTICIPANT_CONDITIONS (GRND_NO,GRND_NUM,NUM,IS_IMAGE,IS_NECESSARY,TITLE,REGDATE) values (1,1,2,'F','T','아무대회나 수상했던 경력이 있습니까?',to_timestamp('18/05/17 22:36:58.351000000','RR/MM/DD HH24:MI:SSXFF'));
Insert into GRANDPRINGLES.PARTICIPANT_CONDITIONS (GRND_NO,GRND_NUM,NUM,IS_IMAGE,IS_NECESSARY,TITLE,REGDATE) values (2,1,1,'T','T','당신의 롤 티어가 다이아1 이상입니까?',to_timestamp('18/05/17 22:36:58.354000000','RR/MM/DD HH24:MI:SSXFF'));
Insert into GRANDPRINGLES.PARTICIPANT_CONDITIONS (GRND_NO,GRND_NUM,NUM,IS_IMAGE,IS_NECESSARY,TITLE,REGDATE) values (2,1,2,'F','T','당신의 연락처가 어떻게 되십니까?(이메일 or 핸드폰)',to_timestamp('18/05/17 22:36:58.358000000','RR/MM/DD HH24:MI:SSXFF'));
Insert into GRANDPRINGLES.PARTICIPANT_CONDITIONS (GRND_NO,GRND_NUM,NUM,IS_IMAGE,IS_NECESSARY,TITLE,REGDATE) values (2,1,3,'F','F','당신을 이길사람이 있다고 생각하십니까?',to_timestamp('18/05/17 22:36:58.363000000','RR/MM/DD HH24:MI:SSXFF'));
Insert into GRANDPRINGLES.PARTICIPANT_CONDITIONS (GRND_NO,GRND_NUM,NUM,IS_IMAGE,IS_NECESSARY,TITLE,REGDATE) values (3,1,1,'F','T','당신의 핸드폰 번호는?',to_timestamp('18/05/17 22:36:58.366000000','RR/MM/DD HH24:MI:SSXFF'));
Insert into GRANDPRINGLES.PARTICIPANT_CONDITIONS (GRND_NO,GRND_NUM,NUM,IS_IMAGE,IS_NECESSARY,TITLE,REGDATE) values (3,1,2,'F','F','비슷한 대회의 참가 경력이 있습니까?',to_timestamp('18/05/17 22:36:58.369000000','RR/MM/DD HH24:MI:SSXFF'));
Insert into GRANDPRINGLES.PARTICIPANT_CONDITIONS (GRND_NO,GRND_NUM,NUM,IS_IMAGE,IS_NECESSARY,TITLE,REGDATE) values (3,1,3,'T','T','당신의 롤 티어는? (이미지 첨부 필요)',to_timestamp('18/05/17 22:36:58.371000000','RR/MM/DD HH24:MI:SSXFF'));
Insert into GRANDPRINGLES.PARTICIPANT_CONDITIONS (GRND_NO,GRND_NUM,NUM,IS_IMAGE,IS_NECESSARY,TITLE,REGDATE) values (4,1,1,'F','F','간단한 자기소개를 써주세요',to_timestamp('18/05/17 22:36:58.375000000','RR/MM/DD HH24:MI:SSXFF'));
Insert into GRANDPRINGLES.PARTICIPANT_CONDITIONS (GRND_NO,GRND_NUM,NUM,IS_IMAGE,IS_NECESSARY,TITLE,REGDATE) values (4,1,2,'T','T','당신의 롤 티어는? (이미지 첨부 필요)',to_timestamp('18/05/17 22:36:58.378000000','RR/MM/DD HH24:MI:SSXFF'));
Insert into GRANDPRINGLES.PARTICIPANT_CONDITIONS (GRND_NO,GRND_NUM,NUM,IS_IMAGE,IS_NECESSARY,TITLE,REGDATE) values (13,1,1,'T','T','간단한 자기소개',to_timestamp('18/05/18 17:57:54.619000000','RR/MM/DD HH24:MI:SSXFF'));
Insert into GRANDPRINGLES.PARTICIPANT_CONDITIONS (GRND_NO,GRND_NUM,NUM,IS_IMAGE,IS_NECESSARY,TITLE,REGDATE) values (13,1,2,'T','T','당신의 티어는? (이미지첨부 필수)',to_timestamp('18/05/18 17:57:54.620000000','RR/MM/DD HH24:MI:SSXFF'));
REM INSERTING into GRANDPRINGLES.PARTICIPATIONS
SET DEFINE OFF;
Insert into GRANDPRINGLES.PARTICIPATIONS (GRND_NO,USER_NO,GRND_NUM,RANK,STATUS,REGDATE) values (2,5,1,null,'C',to_timestamp('18/05/17 22:36:58.578000000','RR/MM/DD HH24:MI:SSXFF'));
Insert into GRANDPRINGLES.PARTICIPATIONS (GRND_NO,USER_NO,GRND_NUM,RANK,STATUS,REGDATE) values (2,1,1,null,'W',to_timestamp('18/05/17 22:36:58.586000000','RR/MM/DD HH24:MI:SSXFF'));
Insert into GRANDPRINGLES.PARTICIPATIONS (GRND_NO,USER_NO,GRND_NUM,RANK,STATUS,REGDATE) values (2,3,1,null,'W',to_timestamp('18/05/17 22:36:58.593000000','RR/MM/DD HH24:MI:SSXFF'));
Insert into GRANDPRINGLES.PARTICIPATIONS (GRND_NO,USER_NO,GRND_NUM,RANK,STATUS,REGDATE) values (2,6,1,null,'W',to_timestamp('18/05/17 22:36:58.600000000','RR/MM/DD HH24:MI:SSXFF'));
Insert into GRANDPRINGLES.PARTICIPATIONS (GRND_NO,USER_NO,GRND_NUM,RANK,STATUS,REGDATE) values (2,7,1,null,'C',to_timestamp('18/05/17 22:36:58.607000000','RR/MM/DD HH24:MI:SSXFF'));
Insert into GRANDPRINGLES.PARTICIPATIONS (GRND_NO,USER_NO,GRND_NUM,RANK,STATUS,REGDATE) values (2,11,1,null,'C',to_timestamp('18/05/17 22:36:58.612000000','RR/MM/DD HH24:MI:SSXFF'));
Insert into GRANDPRINGLES.PARTICIPATIONS (GRND_NO,USER_NO,GRND_NUM,RANK,STATUS,REGDATE) values (2,8,1,null,'C',to_timestamp('18/05/17 22:36:58.618000000','RR/MM/DD HH24:MI:SSXFF'));
Insert into GRANDPRINGLES.PARTICIPATIONS (GRND_NO,USER_NO,GRND_NUM,RANK,STATUS,REGDATE) values (2,9,1,null,'W',to_timestamp('18/05/17 22:36:58.627000000','RR/MM/DD HH24:MI:SSXFF'));
Insert into GRANDPRINGLES.PARTICIPATIONS (GRND_NO,USER_NO,GRND_NUM,RANK,STATUS,REGDATE) values (2,12,1,null,'C',to_timestamp('18/05/17 22:36:58.633000000','RR/MM/DD HH24:MI:SSXFF'));
Insert into GRANDPRINGLES.PARTICIPATIONS (GRND_NO,USER_NO,GRND_NUM,RANK,STATUS,REGDATE) values (2,14,1,null,'W',to_timestamp('18/05/17 22:36:58.638000000','RR/MM/DD HH24:MI:SSXFF'));
Insert into GRANDPRINGLES.PARTICIPATIONS (GRND_NO,USER_NO,GRND_NUM,RANK,STATUS,REGDATE) values (4,3,1,null,'W',to_timestamp('18/05/17 22:36:58.645000000','RR/MM/DD HH24:MI:SSXFF'));
Insert into GRANDPRINGLES.PARTICIPATIONS (GRND_NO,USER_NO,GRND_NUM,RANK,STATUS,REGDATE) values (4,1,1,null,'W',to_timestamp('18/05/17 22:36:58.648000000','RR/MM/DD HH24:MI:SSXFF'));
Insert into GRANDPRINGLES.PARTICIPATIONS (GRND_NO,USER_NO,GRND_NUM,RANK,STATUS,REGDATE) values (4,7,1,null,'W',to_timestamp('18/05/17 22:36:58.651000000','RR/MM/DD HH24:MI:SSXFF'));
Insert into GRANDPRINGLES.PARTICIPATIONS (GRND_NO,USER_NO,GRND_NUM,RANK,STATUS,REGDATE) values (4,4,1,2,'W',to_timestamp('18/05/17 22:36:58.655000000','RR/MM/DD HH24:MI:SSXFF'));
Insert into GRANDPRINGLES.PARTICIPATIONS (GRND_NO,USER_NO,GRND_NUM,RANK,STATUS,REGDATE) values (1,12,1,null,'W',to_timestamp('18/05/18 19:39:12.323000000','RR/MM/DD HH24:MI:SSXFF'));
Insert into GRANDPRINGLES.PARTICIPATIONS (GRND_NO,USER_NO,GRND_NUM,RANK,STATUS,REGDATE) values (13,1,1,null,'W',to_timestamp('18/05/18 19:45:13.904000000','RR/MM/DD HH24:MI:SSXFF'));
Insert into GRANDPRINGLES.PARTICIPATIONS (GRND_NO,USER_NO,GRND_NUM,RANK,STATUS,REGDATE) values (4,14,1,null,'W',to_timestamp('18/05/17 22:36:58.677000000','RR/MM/DD HH24:MI:SSXFF'));
REM INSERTING into GRANDPRINGLES.POTATOCHIPS
SET DEFINE OFF;
REM INSERTING into GRANDPRINGLES.PRIXES
SET DEFINE OFF;
Insert into GRANDPRINGLES.PRIXES (NO,GRND_NO,GRND_NUM,TO_USER,CONTENT,URL,IMAGE,REGDATE) values (1,1,1,'1등에게','문화상품권 10장',null,'GiftCard.jpg',to_timestamp('18/05/17 22:36:58.386000000','RR/MM/DD HH24:MI:SSXFF'));
Insert into GRANDPRINGLES.PRIXES (NO,GRND_NO,GRND_NUM,TO_USER,CONTENT,URL,IMAGE,REGDATE) values (2,1,1,'2등에게','빽다방 초코바나나 5잔',null,'BACK.jpg',to_timestamp('18/05/17 22:36:58.391000000','RR/MM/DD HH24:MI:SSXFF'));
Insert into GRANDPRINGLES.PRIXES (NO,GRND_NO,GRND_NUM,TO_USER,CONTENT,URL,IMAGE,REGDATE) values (3,1,1,'3등에게','공예 머그컵 5개',null,'MUG.jpg',to_timestamp('18/05/17 22:36:58.394000000','RR/MM/DD HH24:MI:SSXFF'));
Insert into GRANDPRINGLES.PRIXES (NO,GRND_NO,GRND_NUM,TO_USER,CONTENT,URL,IMAGE,REGDATE) values (4,2,1,'1등에게','BHC치킨 3마리',null,'BHC.jpg',to_timestamp('18/05/17 22:36:58.398000000','RR/MM/DD HH24:MI:SSXFF'));
Insert into GRANDPRINGLES.PRIXES (NO,GRND_NO,GRND_NUM,TO_USER,CONTENT,URL,IMAGE,REGDATE) values (5,2,1,'2등에게','BHC치킨 2마리',null,'BHC.jpg',to_timestamp('18/05/17 22:36:58.401000000','RR/MM/DD HH24:MI:SSXFF'));
Insert into GRANDPRINGLES.PRIXES (NO,GRND_NO,GRND_NUM,TO_USER,CONTENT,URL,IMAGE,REGDATE) values (6,2,1,'3등에게','BHC치킨 1마리',null,'BHC.jpg',to_timestamp('18/05/17 22:36:58.405000000','RR/MM/DD HH24:MI:SSXFF'));
Insert into GRANDPRINGLES.PRIXES (NO,GRND_NO,GRND_NUM,TO_USER,CONTENT,URL,IMAGE,REGDATE) values (7,3,1,'우승자에게','호식이 2마리 치킨을 수여','http://www.9922.co.kr/','chicken.jpg',to_timestamp('18/05/17 22:36:58.409000000','RR/MM/DD HH24:MI:SSXFF'));
Insert into GRANDPRINGLES.PRIXES (NO,GRND_NO,GRND_NUM,TO_USER,CONTENT,URL,IMAGE,REGDATE) values (8,3,1,'준우승자에게','스타벅스 자바칩 프라프치노 그란데 1잔','http://www.istarbucks.co.kr/index.do','coffee.jpg',to_timestamp('18/05/17 22:36:58.413000000','RR/MM/DD HH24:MI:SSXFF'));
Insert into GRANDPRINGLES.PRIXES (NO,GRND_NO,GRND_NUM,TO_USER,CONTENT,URL,IMAGE,REGDATE) values (9,4,1,'우승자','10만원',null,null,to_timestamp('18/05/17 22:36:58.417000000','RR/MM/DD HH24:MI:SSXFF'));
Insert into GRANDPRINGLES.PRIXES (NO,GRND_NO,GRND_NUM,TO_USER,CONTENT,URL,IMAGE,REGDATE) values (10,4,1,'준우승자','다음 대회 참가권','https://www.twitch.tv/baeja',null,to_timestamp('18/05/17 22:36:58.419000000','RR/MM/DD HH24:MI:SSXFF'));
Insert into GRANDPRINGLES.PRIXES (NO,GRND_NO,GRND_NUM,TO_USER,CONTENT,URL,IMAGE,REGDATE) values (11,13,1,'우승팀에게','페리카나치킨5마리','8b0660f6-0fd3-4763-9cb0-876c92c54f43.PNG',null,to_timestamp('18/05/18 17:57:54.616000000','RR/MM/DD HH24:MI:SSXFF'));
REM INSERTING into GRANDPRINGLES.PRIX_UPDATE_LOG
SET DEFINE OFF;
Insert into GRANDPRINGLES.PRIX_UPDATE_LOG (NO,PRIX_NO,MANAGER_NO,TO_USER,CONTENT,URL,IMAGE,REGDATE) values (1,3,6,'3등에게','빽다방 아아 5잔',null,'BACK_AHAH.jpg',to_timestamp('18/05/17 22:36:58.457000000','RR/MM/DD HH24:MI:SSXFF'));
Insert into GRANDPRINGLES.PRIX_UPDATE_LOG (NO,PRIX_NO,MANAGER_NO,TO_USER,CONTENT,URL,IMAGE,REGDATE) values (2,4,11,'1등에게','BHC치킨 5마리',null,'BHC.jpg',to_timestamp('18/05/17 22:36:58.461000000','RR/MM/DD HH24:MI:SSXFF'));
Insert into GRANDPRINGLES.PRIX_UPDATE_LOG (NO,PRIX_NO,MANAGER_NO,TO_USER,CONTENT,URL,IMAGE,REGDATE) values (3,8,1,'준우승자에게','1만원 문화상품권',null,null,to_timestamp('18/05/17 22:36:58.464000000','RR/MM/DD HH24:MI:SSXFF'));
Insert into GRANDPRINGLES.PRIX_UPDATE_LOG (NO,PRIX_NO,MANAGER_NO,TO_USER,CONTENT,URL,IMAGE,REGDATE) values (4,9,12,'우승자','5만원',null,null,to_timestamp('18/05/17 22:36:58.468000000','RR/MM/DD HH24:MI:SSXFF'));
REM INSERTING into GRANDPRINGLES.RECORDS
SET DEFINE OFF;
Insert into GRANDPRINGLES.RECORDS (MATCH_NO,SEQ,USER_NO,KILL,DEATH,ASSI,REGDATE) values (6,3,7,0,0,0,to_timestamp('18/05/17 22:37:06.742000000','RR/MM/DD HH24:MI:SSXFF'));
Insert into GRANDPRINGLES.RECORDS (MATCH_NO,SEQ,USER_NO,KILL,DEATH,ASSI,REGDATE) values (6,3,4,0,0,0,to_timestamp('18/05/17 22:37:06.742000000','RR/MM/DD HH24:MI:SSXFF'));
Insert into GRANDPRINGLES.RECORDS (MATCH_NO,SEQ,USER_NO,KILL,DEATH,ASSI,REGDATE) values (1,1,16,4,2,0,to_timestamp('18/04/16 18:52:27.000000000','RR/MM/DD HH24:MI:SSXFF'));
Insert into GRANDPRINGLES.RECORDS (MATCH_NO,SEQ,USER_NO,KILL,DEATH,ASSI,REGDATE) values (1,1,9,2,4,0,to_timestamp('18/04/16 18:52:27.000000000','RR/MM/DD HH24:MI:SSXFF'));
Insert into GRANDPRINGLES.RECORDS (MATCH_NO,SEQ,USER_NO,KILL,DEATH,ASSI,REGDATE) values (1,2,16,5,3,0,to_timestamp('18/04/16 19:17:00.000000000','RR/MM/DD HH24:MI:SSXFF'));
Insert into GRANDPRINGLES.RECORDS (MATCH_NO,SEQ,USER_NO,KILL,DEATH,ASSI,REGDATE) values (1,2,9,3,5,0,to_timestamp('18/04/16 19:17:00.000000000','RR/MM/DD HH24:MI:SSXFF'));
Insert into GRANDPRINGLES.RECORDS (MATCH_NO,SEQ,USER_NO,KILL,DEATH,ASSI,REGDATE) values (2,1,2,2,0,0,to_timestamp('18/04/16 20:25:00.000000000','RR/MM/DD HH24:MI:SSXFF'));
Insert into GRANDPRINGLES.RECORDS (MATCH_NO,SEQ,USER_NO,KILL,DEATH,ASSI,REGDATE) values (2,1,8,0,2,0,to_timestamp('18/04/16 20:25:00.000000000','RR/MM/DD HH24:MI:SSXFF'));
Insert into GRANDPRINGLES.RECORDS (MATCH_NO,SEQ,USER_NO,KILL,DEATH,ASSI,REGDATE) values (2,2,2,5,3,0,to_timestamp('18/04/16 20:57:00.000000000','RR/MM/DD HH24:MI:SSXFF'));
Insert into GRANDPRINGLES.RECORDS (MATCH_NO,SEQ,USER_NO,KILL,DEATH,ASSI,REGDATE) values (2,2,8,3,5,0,to_timestamp('18/04/16 20:57:00.000000000','RR/MM/DD HH24:MI:SSXFF'));
Insert into GRANDPRINGLES.RECORDS (MATCH_NO,SEQ,USER_NO,KILL,DEATH,ASSI,REGDATE) values (2,3,2,4,1,0,to_timestamp('18/04/16 21:35:00.000000000','RR/MM/DD HH24:MI:SSXFF'));
Insert into GRANDPRINGLES.RECORDS (MATCH_NO,SEQ,USER_NO,KILL,DEATH,ASSI,REGDATE) values (2,3,8,1,4,0,to_timestamp('18/04/16 21:35:00.000000000','RR/MM/DD HH24:MI:SSXFF'));
Insert into GRANDPRINGLES.RECORDS (MATCH_NO,SEQ,USER_NO,KILL,DEATH,ASSI,REGDATE) values (3,1,10,5,2,0,to_timestamp('18/05/17 22:36:58.765000000','RR/MM/DD HH24:MI:SSXFF'));
Insert into GRANDPRINGLES.RECORDS (MATCH_NO,SEQ,USER_NO,KILL,DEATH,ASSI,REGDATE) values (3,1,12,2,5,0,to_timestamp('18/05/17 22:36:58.768000000','RR/MM/DD HH24:MI:SSXFF'));
Insert into GRANDPRINGLES.RECORDS (MATCH_NO,SEQ,USER_NO,KILL,DEATH,ASSI,REGDATE) values (3,2,10,1,8,0,to_timestamp('18/05/17 22:36:58.771000000','RR/MM/DD HH24:MI:SSXFF'));
Insert into GRANDPRINGLES.RECORDS (MATCH_NO,SEQ,USER_NO,KILL,DEATH,ASSI,REGDATE) values (3,2,12,8,1,0,to_timestamp('18/05/17 22:36:58.777000000','RR/MM/DD HH24:MI:SSXFF'));
Insert into GRANDPRINGLES.RECORDS (MATCH_NO,SEQ,USER_NO,KILL,DEATH,ASSI,REGDATE) values (3,3,10,3,4,0,to_timestamp('18/05/17 22:36:58.779000000','RR/MM/DD HH24:MI:SSXFF'));
Insert into GRANDPRINGLES.RECORDS (MATCH_NO,SEQ,USER_NO,KILL,DEATH,ASSI,REGDATE) values (3,3,12,4,3,0,to_timestamp('18/05/17 22:36:58.784000000','RR/MM/DD HH24:MI:SSXFF'));
Insert into GRANDPRINGLES.RECORDS (MATCH_NO,SEQ,USER_NO,KILL,DEATH,ASSI,REGDATE) values (4,1,14,7,2,0,to_timestamp('18/05/17 22:36:58.799000000','RR/MM/DD HH24:MI:SSXFF'));
Insert into GRANDPRINGLES.RECORDS (MATCH_NO,SEQ,USER_NO,KILL,DEATH,ASSI,REGDATE) values (4,1,15,4,2,0,to_timestamp('18/05/17 22:36:58.802000000','RR/MM/DD HH24:MI:SSXFF'));
Insert into GRANDPRINGLES.RECORDS (MATCH_NO,SEQ,USER_NO,KILL,DEATH,ASSI,REGDATE) values (4,2,14,6,3,0,to_timestamp('18/05/17 22:36:58.806000000','RR/MM/DD HH24:MI:SSXFF'));
Insert into GRANDPRINGLES.RECORDS (MATCH_NO,SEQ,USER_NO,KILL,DEATH,ASSI,REGDATE) values (4,2,15,4,2,0,to_timestamp('18/05/17 22:36:58.810000000','RR/MM/DD HH24:MI:SSXFF'));
Insert into GRANDPRINGLES.RECORDS (MATCH_NO,SEQ,USER_NO,KILL,DEATH,ASSI,REGDATE) values (6,1,7,8,2,0,to_timestamp('18/05/17 22:36:58.823000000','RR/MM/DD HH24:MI:SSXFF'));
Insert into GRANDPRINGLES.RECORDS (MATCH_NO,SEQ,USER_NO,KILL,DEATH,ASSI,REGDATE) values (6,1,4,2,8,0,to_timestamp('18/05/17 22:36:58.826000000','RR/MM/DD HH24:MI:SSXFF'));
Insert into GRANDPRINGLES.RECORDS (MATCH_NO,SEQ,USER_NO,KILL,DEATH,ASSI,REGDATE) values (6,2,7,6,4,0,to_timestamp('18/05/17 22:36:58.831000000','RR/MM/DD HH24:MI:SSXFF'));
Insert into GRANDPRINGLES.RECORDS (MATCH_NO,SEQ,USER_NO,KILL,DEATH,ASSI,REGDATE) values (6,2,4,4,6,0,to_timestamp('18/05/17 22:36:58.834000000','RR/MM/DD HH24:MI:SSXFF'));
Insert into GRANDPRINGLES.RECORDS (MATCH_NO,SEQ,USER_NO,KILL,DEATH,ASSI,REGDATE) values (5,1,3,0,0,0,to_timestamp('18/05/18 00:18:40.983000000','RR/MM/DD HH24:MI:SSXFF'));
Insert into GRANDPRINGLES.RECORDS (MATCH_NO,SEQ,USER_NO,KILL,DEATH,ASSI,REGDATE) values (5,1,1,0,0,0,to_timestamp('18/05/18 00:18:40.984000000','RR/MM/DD HH24:MI:SSXFF'));
Insert into GRANDPRINGLES.RECORDS (MATCH_NO,SEQ,USER_NO,KILL,DEATH,ASSI,REGDATE) values (1,3,16,2,3,0,to_timestamp('18/08/13 16:20:42.392000000','RR/MM/DD HH24:MI:SSXFF'));
Insert into GRANDPRINGLES.RECORDS (MATCH_NO,SEQ,USER_NO,KILL,DEATH,ASSI,REGDATE) values (1,3,9,2,3,0,to_timestamp('18/08/13 16:20:42.394000000','RR/MM/DD HH24:MI:SSXFF'));
REM INSERTING into GRANDPRINGLES.SCHEDULE_UPDATE_LOG
SET DEFINE OFF;
Insert into GRANDPRINGLES.SCHEDULE_UPDATE_LOG (NO,GRND_NO,GRND_NUM,MANAGER_NO,REGDATE,START_DATE,END_DATE,CATEGORY) values (1,1,1,6,to_timestamp('18/05/17 22:36:58.442000000','RR/MM/DD HH24:MI:SSXFF'),to_date('18/04/17','RR/MM/DD'),to_date('18/04/21','RR/MM/DD'),'1');
Insert into GRANDPRINGLES.SCHEDULE_UPDATE_LOG (NO,GRND_NO,GRND_NUM,MANAGER_NO,REGDATE,START_DATE,END_DATE,CATEGORY) values (2,1,1,6,to_timestamp('18/05/17 22:36:58.446000000','RR/MM/DD HH24:MI:SSXFF'),to_date('18/04/17','RR/MM/DD'),to_date('18/04/21','RR/MM/DD'),'4');
Insert into GRANDPRINGLES.SCHEDULE_UPDATE_LOG (NO,GRND_NO,GRND_NUM,MANAGER_NO,REGDATE,START_DATE,END_DATE,CATEGORY) values (3,3,1,1,to_timestamp('18/05/17 22:36:58.448000000','RR/MM/DD HH24:MI:SSXFF'),to_date('18/04/20','RR/MM/DD'),to_date('18/04/21','RR/MM/DD'),'0');
Insert into GRANDPRINGLES.SCHEDULE_UPDATE_LOG (NO,GRND_NO,GRND_NUM,MANAGER_NO,REGDATE,START_DATE,END_DATE,CATEGORY) values (4,3,1,1,to_timestamp('18/05/17 22:36:58.452000000','RR/MM/DD HH24:MI:SSXFF'),to_date('18/04/20','RR/MM/DD'),to_date('18/04/22','RR/MM/DD'),'2');
REM INSERTING into GRANDPRINGLES.TEAMS
SET DEFINE OFF;
Insert into GRANDPRINGLES.TEAMS (GRND_NO,GRND_NUM,LEADER_NO,IS_SHOW,PASSWORD,NAME,LOGO,REGDATE) values (2,1,5,'T',null,'몰왕검',null,to_timestamp('18/05/17 22:36:58.583000000','RR/MM/DD HH24:MI:SSXFF'));
Insert into GRANDPRINGLES.TEAMS (GRND_NO,GRND_NUM,LEADER_NO,IS_SHOW,PASSWORD,NAME,LOGO,REGDATE) values (2,1,11,'F',4915,'수지를 되찾자',null,to_timestamp('18/05/17 22:36:58.615000000','RR/MM/DD HH24:MI:SSXFF'));
Insert into GRANDPRINGLES.TEAMS (GRND_NO,GRND_NUM,LEADER_NO,IS_SHOW,PASSWORD,NAME,LOGO,REGDATE) values (13,1,17,'T',1111,'1111','94675806-b432-469e-b94c-a458df515dfc.PNG',to_timestamp('18/05/18 18:28:37.931000000','RR/MM/DD HH24:MI:SSXFF'));
Insert into GRANDPRINGLES.TEAMS (GRND_NO,GRND_NUM,LEADER_NO,IS_SHOW,PASSWORD,NAME,LOGO,REGDATE) values (1,1,1,'T',1111,'435435','0efc49fe-ae75-405d-a44e-c568928b592f.PNG',to_timestamp('18/05/18 19:38:14.807000000','RR/MM/DD HH24:MI:SSXFF'));
REM INSERTING into GRANDPRINGLES.TEAM_MEMBERS
SET DEFINE OFF;
Insert into GRANDPRINGLES.TEAM_MEMBERS (GRND_NO,GRND_NUM,LEADER_NO,MEMBER_NO,REGDATE) values (2,1,5,1,to_timestamp('18/05/17 22:36:58.590000000','RR/MM/DD HH24:MI:SSXFF'));
Insert into GRANDPRINGLES.TEAM_MEMBERS (GRND_NO,GRND_NUM,LEADER_NO,MEMBER_NO,REGDATE) values (2,1,5,3,to_timestamp('18/05/17 22:36:58.597000000','RR/MM/DD HH24:MI:SSXFF'));
Insert into GRANDPRINGLES.TEAM_MEMBERS (GRND_NO,GRND_NUM,LEADER_NO,MEMBER_NO,REGDATE) values (2,1,5,6,to_timestamp('18/05/17 22:36:58.603000000','RR/MM/DD HH24:MI:SSXFF'));
Insert into GRANDPRINGLES.TEAM_MEMBERS (GRND_NO,GRND_NUM,LEADER_NO,MEMBER_NO,REGDATE) values (2,1,5,7,to_timestamp('18/05/17 22:36:58.609000000','RR/MM/DD HH24:MI:SSXFF'));
Insert into GRANDPRINGLES.TEAM_MEMBERS (GRND_NO,GRND_NUM,LEADER_NO,MEMBER_NO,REGDATE) values (2,1,11,8,to_timestamp('18/05/17 22:36:58.623000000','RR/MM/DD HH24:MI:SSXFF'));
Insert into GRANDPRINGLES.TEAM_MEMBERS (GRND_NO,GRND_NUM,LEADER_NO,MEMBER_NO,REGDATE) values (2,1,11,9,to_timestamp('18/05/17 22:36:58.630000000','RR/MM/DD HH24:MI:SSXFF'));
Insert into GRANDPRINGLES.TEAM_MEMBERS (GRND_NO,GRND_NUM,LEADER_NO,MEMBER_NO,REGDATE) values (2,1,11,12,to_timestamp('18/05/17 22:36:58.635000000','RR/MM/DD HH24:MI:SSXFF'));
Insert into GRANDPRINGLES.TEAM_MEMBERS (GRND_NO,GRND_NUM,LEADER_NO,MEMBER_NO,REGDATE) values (2,1,11,14,to_timestamp('18/05/17 22:36:58.641000000','RR/MM/DD HH24:MI:SSXFF'));
Insert into GRANDPRINGLES.TEAM_MEMBERS (GRND_NO,GRND_NUM,LEADER_NO,MEMBER_NO,REGDATE) values (13,1,17,17,to_timestamp('18/05/18 18:28:37.939000000','RR/MM/DD HH24:MI:SSXFF'));
Insert into GRANDPRINGLES.TEAM_MEMBERS (GRND_NO,GRND_NUM,LEADER_NO,MEMBER_NO,REGDATE) values (1,1,1,1,to_timestamp('18/05/18 19:38:14.809000000','RR/MM/DD HH24:MI:SSXFF'));
Insert into GRANDPRINGLES.TEAM_MEMBERS (GRND_NO,GRND_NUM,LEADER_NO,MEMBER_NO,REGDATE) values (1,1,1,12,to_timestamp('18/05/18 19:38:55.564000000','RR/MM/DD HH24:MI:SSXFF'));
REM INSERTING into GRANDPRINGLES.TMP
SET DEFINE OFF;
Insert into GRANDPRINGLES.TMP (CNT) values (3);
REM INSERTING into GRANDPRINGLES.USERS
SET DEFINE OFF;
Insert into GRANDPRINGLES.USERS (NO,EMAIL,PASSWORD,NICKNAME,PROFILE,SEX,PHONE,GAME_NICKNAME,GAME_TIER,POTATOCHIP,REGDATE) values (1,'wl5407@gmail.com','1111','박쥐돌이',null,'M','01047436248','박지환               ','MA',12348,to_timestamp('18/05/17 22:36:58.208000000','RR/MM/DD HH24:MI:SSXFF'));
Insert into GRANDPRINGLES.USERS (NO,EMAIL,PASSWORD,NICKNAME,PROFILE,SEX,PHONE,GAME_NICKNAME,GAME_TIER,POTATOCHIP,REGDATE) values (2,'seung92@gmail.com','1111','8년짝사랑꾼',null,'M','01092086749','해대겜돌이         ','P4',1300,to_timestamp('18/05/17 22:36:58.220000000','RR/MM/DD HH24:MI:SSXFF'));
Insert into GRANDPRINGLES.USERS (NO,EMAIL,PASSWORD,NICKNAME,PROFILE,SEX,PHONE,GAME_NICKNAME,GAME_TIER,POTATOCHIP,REGDATE) values (3,'kang1012@naver.com','1111','돼지돌이','pig.png','M','01055829728','봉팔잉               ','G2',212500,to_timestamp('18/05/17 22:36:58.223000000','RR/MM/DD HH24:MI:SSXFF'));
Insert into GRANDPRINGLES.USERS (NO,EMAIL,PASSWORD,NICKNAME,PROFILE,SEX,PHONE,GAME_NICKNAME,GAME_TIER,POTATOCHIP,REGDATE) values (4,'subin92@naver.com','1111','머리변태','hair.png','M','01055829728','hudin                   ','B4',927,to_timestamp('18/05/17 22:36:58.229000000','RR/MM/DD HH24:MI:SSXFF'));
Insert into GRANDPRINGLES.USERS (NO,EMAIL,PASSWORD,NICKNAME,PROFILE,SEX,PHONE,GAME_NICKNAME,GAME_TIER,POTATOCHIP,REGDATE) values (5,'twitch91@naver.com','1111','혜요','Wadyne.png','F',null,'혜요가혜요했을뿐','S4',62243,to_timestamp('18/05/17 22:36:58.235000000','RR/MM/DD HH24:MI:SSXFF'));
Insert into GRANDPRINGLES.USERS (NO,EMAIL,PASSWORD,NICKNAME,PROFILE,SEX,PHONE,GAME_NICKNAME,GAME_TIER,POTATOCHIP,REGDATE) values (6,'angelgyu@naver.com','1111','뀨기','prettygirl.png','F',null,'현규짱               ','B5',24332,to_timestamp('18/05/17 22:36:58.240000000','RR/MM/DD HH24:MI:SSXFF'));
Insert into GRANDPRINGLES.USERS (NO,EMAIL,PASSWORD,NICKNAME,PROFILE,SEX,PHONE,GAME_NICKNAME,GAME_TIER,POTATOCHIP,REGDATE) values (7,'park042892@naver.com','1111','뜨신물','mh.jpg','M','01075273003','sweetMelons             ','P2',1000,to_timestamp('18/05/17 22:36:58.243000000','RR/MM/DD HH24:MI:SSXFF'));
Insert into GRANDPRINGLES.USERS (NO,EMAIL,PASSWORD,NICKNAME,PROFILE,SEX,PHONE,GAME_NICKNAME,GAME_TIER,POTATOCHIP,REGDATE) values (8,'jangdongmin@gmail.com','1111','지니어스','dm.jpg','M','01013273453','crazyDog                ','S3',19000,to_timestamp('18/05/17 22:36:58.247000000','RR/MM/DD HH24:MI:SSXFF'));
Insert into GRANDPRINGLES.USERS (NO,EMAIL,PASSWORD,NICKNAME,PROFILE,SEX,PHONE,GAME_NICKNAME,GAME_TIER,POTATOCHIP,REGDATE) values (9,'ayoung92@naver.com','1111','걸스데이유라','yura.jpg','F','01058584242','유라요밍            ','S5',200,to_timestamp('18/05/17 22:36:58.249000000','RR/MM/DD HH24:MI:SSXFF'));
Insert into GRANDPRINGLES.USERS (NO,EMAIL,PASSWORD,NICKNAME,PROFILE,SEX,PHONE,GAME_NICKNAME,GAME_TIER,POTATOCHIP,REGDATE) values (10,'seoyuri@daum.net','1111','열파참','yuri.jpg','F','01075273003','ninetalez               ','G2',820,to_timestamp('18/05/17 22:36:58.252000000','RR/MM/DD HH24:MI:SSXFF'));
Insert into GRANDPRINGLES.USERS (NO,EMAIL,PASSWORD,NICKNAME,PROFILE,SEX,PHONE,GAME_NICKNAME,GAME_TIER,POTATOCHIP,REGDATE) values (11,'Eminho@naver.com','1111','수지는동욱에게','mh.jpg','M','01071574403','suzilover               ','D4',3500,to_timestamp('18/05/17 22:36:58.256000000','RR/MM/DD HH24:MI:SSXFF'));
Insert into GRANDPRINGLES.USERS (NO,EMAIL,PASSWORD,NICKNAME,PROFILE,SEX,PHONE,GAME_NICKNAME,GAME_TIER,POTATOCHIP,REGDATE) values (12,'bsh886@nate.com','1111','배자','ggul.png','M','01087266142','꿀배자               ','D5',99997,to_timestamp('18/05/17 22:36:58.260000000','RR/MM/DD HH24:MI:SSXFF'));
Insert into GRANDPRINGLES.USERS (NO,EMAIL,PASSWORD,NICKNAME,PROFILE,SEX,PHONE,GAME_NICKNAME,GAME_TIER,POTATOCHIP,REGDATE) values (13,'zl004z@nate.com','1111','경달','moon.png','F','01071736593','꿀경달               ','G4',30000,to_timestamp('18/05/17 22:36:58.265000000','RR/MM/DD HH24:MI:SSXFF'));
Insert into GRANDPRINGLES.USERS (NO,EMAIL,PASSWORD,NICKNAME,PROFILE,SEX,PHONE,GAME_NICKNAME,GAME_TIER,POTATOCHIP,REGDATE) values (14,'gigigi@naver.com','1111','모송','mo.png','M','01045687954','조뙈지               ','D4',43615,to_timestamp('18/05/17 22:36:58.269000000','RR/MM/DD HH24:MI:SSXFF'));
Insert into GRANDPRINGLES.USERS (NO,EMAIL,PASSWORD,NICKNAME,PROFILE,SEX,PHONE,GAME_NICKNAME,GAME_TIER,POTATOCHIP,REGDATE) values (15,'sung5777@naver.com','1111','성호','sung.png','M','01013795846','아롤어렵다         ','G3',20054,to_timestamp('18/05/17 22:36:58.272000000','RR/MM/DD HH24:MI:SSXFF'));
Insert into GRANDPRINGLES.USERS (NO,EMAIL,PASSWORD,NICKNAME,PROFILE,SEX,PHONE,GAME_NICKNAME,GAME_TIER,POTATOCHIP,REGDATE) values (16,'goregi@naver.com','1111','고레기','regi.png','M','01078135496','영석아               ','P2',64000,to_timestamp('18/05/17 22:36:58.276000000','RR/MM/DD HH24:MI:SSXFF'));
Insert into GRANDPRINGLES.USERS (NO,EMAIL,PASSWORD,NICKNAME,PROFILE,SEX,PHONE,GAME_NICKNAME,GAME_TIER,POTATOCHIP,REGDATE) values (17,'bsh8787@nate.com','1111','1111','eb6d93ba-95a2-434d-92a1-f561f389b067.jpg','M','01087266142','1111                    ','S3',10000,to_timestamp('18/05/18 17:56:06.523000000','RR/MM/DD HH24:MI:SSXFF'));
REM INSERTING into GRANDPRINGLES.VOTES
SET DEFINE OFF;
--------------------------------------------------------
--  DDL for Index PK_SCHEDULE_UPDATE_LOG
--------------------------------------------------------

  CREATE UNIQUE INDEX "GRANDPRINGLES"."PK_SCHEDULE_UPDATE_LOG" ON "GRANDPRINGLES"."SCHEDULE_UPDATE_LOG" ("NO") 
  PCTFREE 10 INITRANS 2 MAXTRANS 255 COMPUTE STATISTICS 
  STORAGE(INITIAL 65536 NEXT 1048576 MINEXTENTS 1 MAXEXTENTS 2147483645
  PCTINCREASE 0 FREELISTS 1 FREELIST GROUPS 1 BUFFER_POOL DEFAULT FLASH_CACHE DEFAULT CELL_FLASH_CACHE DEFAULT)
  TABLESPACE "GRANDPRINGLES" ;
--------------------------------------------------------
--  DDL for Index PK_PRIXES
--------------------------------------------------------

  CREATE UNIQUE INDEX "GRANDPRINGLES"."PK_PRIXES" ON "GRANDPRINGLES"."PRIXES" ("NO") 
  PCTFREE 10 INITRANS 2 MAXTRANS 255 COMPUTE STATISTICS 
  STORAGE(INITIAL 65536 NEXT 1048576 MINEXTENTS 1 MAXEXTENTS 2147483645
  PCTINCREASE 0 FREELISTS 1 FREELIST GROUPS 1 BUFFER_POOL DEFAULT FLASH_CACHE DEFAULT CELL_FLASH_CACHE DEFAULT)
  TABLESPACE "GRANDPRINGLES" ;
--------------------------------------------------------
--  DDL for Index PK_GRANDPRIX_NAMES
--------------------------------------------------------

  CREATE UNIQUE INDEX "GRANDPRINGLES"."PK_GRANDPRIX_NAMES" ON "GRANDPRINGLES"."GRANDPRIX_NAMES" ("NO") 
  PCTFREE 10 INITRANS 2 MAXTRANS 255 COMPUTE STATISTICS 
  STORAGE(INITIAL 65536 NEXT 1048576 MINEXTENTS 1 MAXEXTENTS 2147483645
  PCTINCREASE 0 FREELISTS 1 FREELIST GROUPS 1 BUFFER_POOL DEFAULT FLASH_CACHE DEFAULT CELL_FLASH_CACHE DEFAULT)
  TABLESPACE "GRANDPRINGLES" ;
--------------------------------------------------------
--  DDL for Index PK_COMMENTS
--------------------------------------------------------

  CREATE UNIQUE INDEX "GRANDPRINGLES"."PK_COMMENTS" ON "GRANDPRINGLES"."COMMENTS" ("NO") 
  PCTFREE 10 INITRANS 2 MAXTRANS 255 COMPUTE STATISTICS 
  STORAGE(INITIAL 65536 NEXT 1048576 MINEXTENTS 1 MAXEXTENTS 2147483645
  PCTINCREASE 0 FREELISTS 1 FREELIST GROUPS 1 BUFFER_POOL DEFAULT FLASH_CACHE DEFAULT CELL_FLASH_CACHE DEFAULT)
  TABLESPACE "GRANDPRINGLES" ;
--------------------------------------------------------
--  DDL for Index PK_MANAGERS
--------------------------------------------------------

  CREATE UNIQUE INDEX "GRANDPRINGLES"."PK_MANAGERS" ON "GRANDPRINGLES"."MANAGERS" ("GRND_NO", "GRND_NUM", "ADMIN_NO") 
  PCTFREE 10 INITRANS 2 MAXTRANS 255 COMPUTE STATISTICS 
  STORAGE(INITIAL 65536 NEXT 1048576 MINEXTENTS 1 MAXEXTENTS 2147483645
  PCTINCREASE 0 FREELISTS 1 FREELIST GROUPS 1 BUFFER_POOL DEFAULT FLASH_CACHE DEFAULT CELL_FLASH_CACHE DEFAULT)
  TABLESPACE "GRANDPRINGLES" ;
--------------------------------------------------------
--  DDL for Index PK_VOTES
--------------------------------------------------------

  CREATE UNIQUE INDEX "GRANDPRINGLES"."PK_VOTES" ON "GRANDPRINGLES"."VOTES" ("BOARD_NO", "NUM") 
  PCTFREE 10 INITRANS 2 MAXTRANS 255 COMPUTE STATISTICS 
  STORAGE(INITIAL 65536 NEXT 1048576 MINEXTENTS 1 MAXEXTENTS 2147483645
  PCTINCREASE 0 FREELISTS 1 FREELIST GROUPS 1 BUFFER_POOL DEFAULT FLASH_CACHE DEFAULT CELL_FLASH_CACHE DEFAULT)
  TABLESPACE "GRANDPRINGLES" ;
--------------------------------------------------------
--  DDL for Index PK_RECORDS
--------------------------------------------------------

  CREATE UNIQUE INDEX "GRANDPRINGLES"."PK_RECORDS" ON "GRANDPRINGLES"."RECORDS" ("MATCH_NO", "SEQ", "USER_NO") 
  PCTFREE 10 INITRANS 2 MAXTRANS 255 COMPUTE STATISTICS 
  STORAGE(INITIAL 65536 NEXT 1048576 MINEXTENTS 1 MAXEXTENTS 2147483645
  PCTINCREASE 0 FREELISTS 1 FREELIST GROUPS 1 BUFFER_POOL DEFAULT FLASH_CACHE DEFAULT CELL_FLASH_CACHE DEFAULT)
  TABLESPACE "GRANDPRINGLES" ;
--------------------------------------------------------
--  DDL for Index PK_PARTICIPANT_CONDITIONS
--------------------------------------------------------

  CREATE UNIQUE INDEX "GRANDPRINGLES"."PK_PARTICIPANT_CONDITIONS" ON "GRANDPRINGLES"."PARTICIPANT_CONDITIONS" ("GRND_NO", "GRND_NUM", "NUM") 
  PCTFREE 10 INITRANS 2 MAXTRANS 255 COMPUTE STATISTICS 
  STORAGE(INITIAL 65536 NEXT 1048576 MINEXTENTS 1 MAXEXTENTS 2147483645
  PCTINCREASE 0 FREELISTS 1 FREELIST GROUPS 1 BUFFER_POOL DEFAULT FLASH_CACHE DEFAULT CELL_FLASH_CACHE DEFAULT)
  TABLESPACE "GRANDPRINGLES" ;
--------------------------------------------------------
--  DDL for Index PK_USERS
--------------------------------------------------------

  CREATE UNIQUE INDEX "GRANDPRINGLES"."PK_USERS" ON "GRANDPRINGLES"."USERS" ("NO") 
  PCTFREE 10 INITRANS 2 MAXTRANS 255 COMPUTE STATISTICS 
  STORAGE(INITIAL 65536 NEXT 1048576 MINEXTENTS 1 MAXEXTENTS 2147483645
  PCTINCREASE 0 FREELISTS 1 FREELIST GROUPS 1 BUFFER_POOL DEFAULT FLASH_CACHE DEFAULT CELL_FLASH_CACHE DEFAULT)
  TABLESPACE "GRANDPRINGLES" ;
--------------------------------------------------------
--  DDL for Index PK_GAMES
--------------------------------------------------------

  CREATE UNIQUE INDEX "GRANDPRINGLES"."PK_GAMES" ON "GRANDPRINGLES"."GAMES" ("MATCH_NO", "SEQ") 
  PCTFREE 10 INITRANS 2 MAXTRANS 255 COMPUTE STATISTICS 
  STORAGE(INITIAL 65536 NEXT 1048576 MINEXTENTS 1 MAXEXTENTS 2147483645
  PCTINCREASE 0 FREELISTS 1 FREELIST GROUPS 1 BUFFER_POOL DEFAULT FLASH_CACHE DEFAULT CELL_FLASH_CACHE DEFAULT)
  TABLESPACE "GRANDPRINGLES" ;
--------------------------------------------------------
--  DDL for Index PK_BETTINGS
--------------------------------------------------------

  CREATE UNIQUE INDEX "GRANDPRINGLES"."PK_BETTINGS" ON "GRANDPRINGLES"."BETTINGS" ("USER_NO", "CORNER", "BOARD_NO") 
  PCTFREE 10 INITRANS 2 MAXTRANS 255 COMPUTE STATISTICS 
  STORAGE(INITIAL 65536 NEXT 1048576 MINEXTENTS 1 MAXEXTENTS 2147483645
  PCTINCREASE 0 FREELISTS 1 FREELIST GROUPS 1 BUFFER_POOL DEFAULT FLASH_CACHE DEFAULT CELL_FLASH_CACHE DEFAULT)
  TABLESPACE "GRANDPRINGLES" ;
--------------------------------------------------------
--  DDL for Index PK_TEAM_MEMBERS
--------------------------------------------------------

  CREATE UNIQUE INDEX "GRANDPRINGLES"."PK_TEAM_MEMBERS" ON "GRANDPRINGLES"."TEAM_MEMBERS" ("GRND_NO", "GRND_NUM", "LEADER_NO", "MEMBER_NO") 
  PCTFREE 10 INITRANS 2 MAXTRANS 255 COMPUTE STATISTICS 
  STORAGE(INITIAL 65536 NEXT 1048576 MINEXTENTS 1 MAXEXTENTS 2147483645
  PCTINCREASE 0 FREELISTS 1 FREELIST GROUPS 1 BUFFER_POOL DEFAULT FLASH_CACHE DEFAULT CELL_FLASH_CACHE DEFAULT)
  TABLESPACE "GRANDPRINGLES" ;
--------------------------------------------------------
--  DDL for Index PK_POTATOCHIPS
--------------------------------------------------------

  CREATE UNIQUE INDEX "GRANDPRINGLES"."PK_POTATOCHIPS" ON "GRANDPRINGLES"."POTATOCHIPS" ("NO") 
  PCTFREE 10 INITRANS 2 MAXTRANS 255 COMPUTE STATISTICS 
  STORAGE(INITIAL 65536 NEXT 1048576 MINEXTENTS 1 MAXEXTENTS 2147483645
  PCTINCREASE 0 FREELISTS 1 FREELIST GROUPS 1 BUFFER_POOL DEFAULT FLASH_CACHE DEFAULT CELL_FLASH_CACHE DEFAULT)
  TABLESPACE "GRANDPRINGLES" ;
--------------------------------------------------------
--  DDL for Index PK_GRANDPRIXES
--------------------------------------------------------

  CREATE UNIQUE INDEX "GRANDPRINGLES"."PK_GRANDPRIXES" ON "GRANDPRINGLES"."GRANDPRIXES" ("GRND_NO", "NUM") 
  PCTFREE 10 INITRANS 2 MAXTRANS 255 COMPUTE STATISTICS 
  STORAGE(INITIAL 65536 NEXT 1048576 MINEXTENTS 1 MAXEXTENTS 2147483645
  PCTINCREASE 0 FREELISTS 1 FREELIST GROUPS 1 BUFFER_POOL DEFAULT FLASH_CACHE DEFAULT CELL_FLASH_CACHE DEFAULT)
  TABLESPACE "GRANDPRINGLES" ;
--------------------------------------------------------
--  DDL for Index PK_PRIX_UPDATE_LOG
--------------------------------------------------------

  CREATE UNIQUE INDEX "GRANDPRINGLES"."PK_PRIX_UPDATE_LOG" ON "GRANDPRINGLES"."PRIX_UPDATE_LOG" ("NO") 
  PCTFREE 10 INITRANS 2 MAXTRANS 255 COMPUTE STATISTICS 
  STORAGE(INITIAL 65536 NEXT 1048576 MINEXTENTS 1 MAXEXTENTS 2147483645
  PCTINCREASE 0 FREELISTS 1 FREELIST GROUPS 1 BUFFER_POOL DEFAULT FLASH_CACHE DEFAULT CELL_FLASH_CACHE DEFAULT)
  TABLESPACE "GRANDPRINGLES" ;
--------------------------------------------------------
--  DDL for Index PK_TEAMS
--------------------------------------------------------

  CREATE UNIQUE INDEX "GRANDPRINGLES"."PK_TEAMS" ON "GRANDPRINGLES"."TEAMS" ("GRND_NO", "GRND_NUM", "LEADER_NO") 
  PCTFREE 10 INITRANS 2 MAXTRANS 255 COMPUTE STATISTICS 
  STORAGE(INITIAL 65536 NEXT 1048576 MINEXTENTS 1 MAXEXTENTS 2147483645
  PCTINCREASE 0 FREELISTS 1 FREELIST GROUPS 1 BUFFER_POOL DEFAULT FLASH_CACHE DEFAULT CELL_FLASH_CACHE DEFAULT)
  TABLESPACE "GRANDPRINGLES" ;
--------------------------------------------------------
--  DDL for Index PK_MATCHS
--------------------------------------------------------

  CREATE UNIQUE INDEX "GRANDPRINGLES"."PK_MATCHS" ON "GRANDPRINGLES"."MATCHS" ("NO") 
  PCTFREE 10 INITRANS 2 MAXTRANS 255 COMPUTE STATISTICS 
  STORAGE(INITIAL 65536 NEXT 1048576 MINEXTENTS 1 MAXEXTENTS 2147483645
  PCTINCREASE 0 FREELISTS 1 FREELIST GROUPS 1 BUFFER_POOL DEFAULT FLASH_CACHE DEFAULT CELL_FLASH_CACHE DEFAULT)
  TABLESPACE "GRANDPRINGLES" ;
--------------------------------------------------------
--  DDL for Index PK_DISCUSSIONS
--------------------------------------------------------

  CREATE UNIQUE INDEX "GRANDPRINGLES"."PK_DISCUSSIONS" ON "GRANDPRINGLES"."DISCUSSIONS" ("USER_NO", "SELECTION", "BOARD_NO") 
  PCTFREE 10 INITRANS 2 MAXTRANS 255 COMPUTE STATISTICS 
  STORAGE(INITIAL 65536 NEXT 1048576 MINEXTENTS 1 MAXEXTENTS 2147483645
  PCTINCREASE 0 FREELISTS 1 FREELIST GROUPS 1 BUFFER_POOL DEFAULT FLASH_CACHE DEFAULT CELL_FLASH_CACHE DEFAULT)
  TABLESPACE "GRANDPRINGLES" ;
--------------------------------------------------------
--  DDL for Index PK_PARTICIPANT_APPLICATIONS
--------------------------------------------------------

  CREATE UNIQUE INDEX "GRANDPRINGLES"."PK_PARTICIPANT_APPLICATIONS" ON "GRANDPRINGLES"."PARTICIPANT_APPLICATIONS" ("USER_NO", "GRND_NO", "NUM", "GRND_NUM") 
  PCTFREE 10 INITRANS 2 MAXTRANS 255 COMPUTE STATISTICS 
  STORAGE(INITIAL 65536 NEXT 1048576 MINEXTENTS 1 MAXEXTENTS 2147483645
  PCTINCREASE 0 FREELISTS 1 FREELIST GROUPS 1 BUFFER_POOL DEFAULT FLASH_CACHE DEFAULT CELL_FLASH_CACHE DEFAULT)
  TABLESPACE "GRANDPRINGLES" ;
--------------------------------------------------------
--  DDL for Index PK_LIKINGS
--------------------------------------------------------

  CREATE UNIQUE INDEX "GRANDPRINGLES"."PK_LIKINGS" ON "GRANDPRINGLES"."LIKINGS" ("NO") 
  PCTFREE 10 INITRANS 2 MAXTRANS 255 COMPUTE STATISTICS 
  STORAGE(INITIAL 65536 NEXT 1048576 MINEXTENTS 1 MAXEXTENTS 2147483645
  PCTINCREASE 0 FREELISTS 1 FREELIST GROUPS 1 BUFFER_POOL DEFAULT FLASH_CACHE DEFAULT CELL_FLASH_CACHE DEFAULT)
  TABLESPACE "GRANDPRINGLES" ;
--------------------------------------------------------
--  DDL for Index PK_AUTHENTICATIONS
--------------------------------------------------------

  CREATE UNIQUE INDEX "GRANDPRINGLES"."PK_AUTHENTICATIONS" ON "GRANDPRINGLES"."AUTHENTICATIONS" ("KEY") 
  PCTFREE 10 INITRANS 2 MAXTRANS 255 COMPUTE STATISTICS 
  STORAGE(INITIAL 65536 NEXT 1048576 MINEXTENTS 1 MAXEXTENTS 2147483645
  PCTINCREASE 0 FREELISTS 1 FREELIST GROUPS 1 BUFFER_POOL DEFAULT FLASH_CACHE DEFAULT CELL_FLASH_CACHE DEFAULT)
  TABLESPACE "GRANDPRINGLES" ;
--------------------------------------------------------
--  DDL for Index PK_BOARDS
--------------------------------------------------------

  CREATE UNIQUE INDEX "GRANDPRINGLES"."PK_BOARDS" ON "GRANDPRINGLES"."BOARDS" ("BOARD_NO") 
  PCTFREE 10 INITRANS 2 MAXTRANS 255 COMPUTE STATISTICS 
  STORAGE(INITIAL 65536 NEXT 1048576 MINEXTENTS 1 MAXEXTENTS 2147483645
  PCTINCREASE 0 FREELISTS 1 FREELIST GROUPS 1 BUFFER_POOL DEFAULT FLASH_CACHE DEFAULT CELL_FLASH_CACHE DEFAULT)
  TABLESPACE "GRANDPRINGLES" ;
--------------------------------------------------------
--  DDL for Index PK_PARTICIPATIONS
--------------------------------------------------------

  CREATE UNIQUE INDEX "GRANDPRINGLES"."PK_PARTICIPATIONS" ON "GRANDPRINGLES"."PARTICIPATIONS" ("GRND_NO", "USER_NO", "GRND_NUM") 
  PCTFREE 10 INITRANS 2 MAXTRANS 255 COMPUTE STATISTICS 
  STORAGE(INITIAL 65536 NEXT 1048576 MINEXTENTS 1 MAXEXTENTS 2147483645
  PCTINCREASE 0 FREELISTS 1 FREELIST GROUPS 1 BUFFER_POOL DEFAULT FLASH_CACHE DEFAULT CELL_FLASH_CACHE DEFAULT)
  TABLESPACE "GRANDPRINGLES" ;
--------------------------------------------------------
--  DDL for Index PK_ANNOUNCE_UPDATE_LOG
--------------------------------------------------------

  CREATE UNIQUE INDEX "GRANDPRINGLES"."PK_ANNOUNCE_UPDATE_LOG" ON "GRANDPRINGLES"."ANNOUNCE_UPDATE_LOG" ("NO") 
  PCTFREE 10 INITRANS 2 MAXTRANS 255 COMPUTE STATISTICS 
  STORAGE(INITIAL 65536 NEXT 1048576 MINEXTENTS 1 MAXEXTENTS 2147483645
  PCTINCREASE 0 FREELISTS 1 FREELIST GROUPS 1 BUFFER_POOL DEFAULT FLASH_CACHE DEFAULT CELL_FLASH_CACHE DEFAULT)
  TABLESPACE "GRANDPRINGLES" ;
--------------------------------------------------------
--  Constraints for Table SCHEDULE_UPDATE_LOG
--------------------------------------------------------

  ALTER TABLE "GRANDPRINGLES"."SCHEDULE_UPDATE_LOG" ADD CONSTRAINT "PK_SCHEDULE_UPDATE_LOG" PRIMARY KEY ("NO")
  USING INDEX PCTFREE 10 INITRANS 2 MAXTRANS 255 COMPUTE STATISTICS 
  STORAGE(INITIAL 65536 NEXT 1048576 MINEXTENTS 1 MAXEXTENTS 2147483645
  PCTINCREASE 0 FREELISTS 1 FREELIST GROUPS 1 BUFFER_POOL DEFAULT FLASH_CACHE DEFAULT CELL_FLASH_CACHE DEFAULT)
  TABLESPACE "GRANDPRINGLES"  ENABLE;
  ALTER TABLE "GRANDPRINGLES"."SCHEDULE_UPDATE_LOG" MODIFY ("CATEGORY" NOT NULL ENABLE);
  ALTER TABLE "GRANDPRINGLES"."SCHEDULE_UPDATE_LOG" MODIFY ("END_DATE" NOT NULL ENABLE);
  ALTER TABLE "GRANDPRINGLES"."SCHEDULE_UPDATE_LOG" MODIFY ("START_DATE" NOT NULL ENABLE);
  ALTER TABLE "GRANDPRINGLES"."SCHEDULE_UPDATE_LOG" MODIFY ("REGDATE" NOT NULL ENABLE);
  ALTER TABLE "GRANDPRINGLES"."SCHEDULE_UPDATE_LOG" MODIFY ("MANAGER_NO" NOT NULL ENABLE);
  ALTER TABLE "GRANDPRINGLES"."SCHEDULE_UPDATE_LOG" MODIFY ("GRND_NUM" NOT NULL ENABLE);
  ALTER TABLE "GRANDPRINGLES"."SCHEDULE_UPDATE_LOG" MODIFY ("GRND_NO" NOT NULL ENABLE);
  ALTER TABLE "GRANDPRINGLES"."SCHEDULE_UPDATE_LOG" MODIFY ("NO" NOT NULL ENABLE);
--------------------------------------------------------
--  Constraints for Table MATCHS
--------------------------------------------------------

  ALTER TABLE "GRANDPRINGLES"."MATCHS" ADD CONSTRAINT "PK_MATCHS" PRIMARY KEY ("NO")
  USING INDEX PCTFREE 10 INITRANS 2 MAXTRANS 255 COMPUTE STATISTICS 
  STORAGE(INITIAL 65536 NEXT 1048576 MINEXTENTS 1 MAXEXTENTS 2147483645
  PCTINCREASE 0 FREELISTS 1 FREELIST GROUPS 1 BUFFER_POOL DEFAULT FLASH_CACHE DEFAULT CELL_FLASH_CACHE DEFAULT)
  TABLESPACE "GRANDPRINGLES"  ENABLE;
  ALTER TABLE "GRANDPRINGLES"."MATCHS" MODIFY ("REGDATE" NOT NULL ENABLE);
  ALTER TABLE "GRANDPRINGLES"."MATCHS" MODIFY ("MATCH_NUMBER" NOT NULL ENABLE);
  ALTER TABLE "GRANDPRINGLES"."MATCHS" MODIFY ("STATUS" NOT NULL ENABLE);
  ALTER TABLE "GRANDPRINGLES"."MATCHS" MODIFY ("ROUND" NOT NULL ENABLE);
  ALTER TABLE "GRANDPRINGLES"."MATCHS" MODIFY ("PART_TYPE" NOT NULL ENABLE);
  ALTER TABLE "GRANDPRINGLES"."MATCHS" MODIFY ("START_DATE" NOT NULL ENABLE);
  ALTER TABLE "GRANDPRINGLES"."MATCHS" MODIFY ("GRND_NUM" NOT NULL ENABLE);
  ALTER TABLE "GRANDPRINGLES"."MATCHS" MODIFY ("GRND_NO" NOT NULL ENABLE);
  ALTER TABLE "GRANDPRINGLES"."MATCHS" MODIFY ("NO" NOT NULL ENABLE);
--------------------------------------------------------
--  Constraints for Table PRIX_UPDATE_LOG
--------------------------------------------------------

  ALTER TABLE "GRANDPRINGLES"."PRIX_UPDATE_LOG" ADD CONSTRAINT "PK_PRIX_UPDATE_LOG" PRIMARY KEY ("NO")
  USING INDEX PCTFREE 10 INITRANS 2 MAXTRANS 255 COMPUTE STATISTICS 
  STORAGE(INITIAL 65536 NEXT 1048576 MINEXTENTS 1 MAXEXTENTS 2147483645
  PCTINCREASE 0 FREELISTS 1 FREELIST GROUPS 1 BUFFER_POOL DEFAULT FLASH_CACHE DEFAULT CELL_FLASH_CACHE DEFAULT)
  TABLESPACE "GRANDPRINGLES"  ENABLE;
  ALTER TABLE "GRANDPRINGLES"."PRIX_UPDATE_LOG" MODIFY ("REGDATE" NOT NULL ENABLE);
  ALTER TABLE "GRANDPRINGLES"."PRIX_UPDATE_LOG" MODIFY ("CONTENT" NOT NULL ENABLE);
  ALTER TABLE "GRANDPRINGLES"."PRIX_UPDATE_LOG" MODIFY ("TO_USER" NOT NULL ENABLE);
  ALTER TABLE "GRANDPRINGLES"."PRIX_UPDATE_LOG" MODIFY ("MANAGER_NO" NOT NULL ENABLE);
  ALTER TABLE "GRANDPRINGLES"."PRIX_UPDATE_LOG" MODIFY ("PRIX_NO" NOT NULL ENABLE);
  ALTER TABLE "GRANDPRINGLES"."PRIX_UPDATE_LOG" MODIFY ("NO" NOT NULL ENABLE);
--------------------------------------------------------
--  Constraints for Table VOTES
--------------------------------------------------------

  ALTER TABLE "GRANDPRINGLES"."VOTES" ADD CONSTRAINT "PK_VOTES" PRIMARY KEY ("BOARD_NO", "NUM")
  USING INDEX PCTFREE 10 INITRANS 2 MAXTRANS 255 COMPUTE STATISTICS 
  STORAGE(INITIAL 65536 NEXT 1048576 MINEXTENTS 1 MAXEXTENTS 2147483645
  PCTINCREASE 0 FREELISTS 1 FREELIST GROUPS 1 BUFFER_POOL DEFAULT FLASH_CACHE DEFAULT CELL_FLASH_CACHE DEFAULT)
  TABLESPACE "GRANDPRINGLES"  ENABLE;
  ALTER TABLE "GRANDPRINGLES"."VOTES" MODIFY ("REGDATE" NOT NULL ENABLE);
  ALTER TABLE "GRANDPRINGLES"."VOTES" MODIFY ("SELECTIONS" NOT NULL ENABLE);
  ALTER TABLE "GRANDPRINGLES"."VOTES" MODIFY ("TITLE" NOT NULL ENABLE);
  ALTER TABLE "GRANDPRINGLES"."VOTES" MODIFY ("NUM" NOT NULL ENABLE);
  ALTER TABLE "GRANDPRINGLES"."VOTES" MODIFY ("BOARD_NO" NOT NULL ENABLE);
--------------------------------------------------------
--  Constraints for Table RECORDS
--------------------------------------------------------

  ALTER TABLE "GRANDPRINGLES"."RECORDS" ADD CONSTRAINT "PK_RECORDS" PRIMARY KEY ("MATCH_NO", "SEQ", "USER_NO")
  USING INDEX PCTFREE 10 INITRANS 2 MAXTRANS 255 COMPUTE STATISTICS 
  STORAGE(INITIAL 65536 NEXT 1048576 MINEXTENTS 1 MAXEXTENTS 2147483645
  PCTINCREASE 0 FREELISTS 1 FREELIST GROUPS 1 BUFFER_POOL DEFAULT FLASH_CACHE DEFAULT CELL_FLASH_CACHE DEFAULT)
  TABLESPACE "GRANDPRINGLES"  ENABLE;
  ALTER TABLE "GRANDPRINGLES"."RECORDS" MODIFY ("REGDATE" NOT NULL ENABLE);
  ALTER TABLE "GRANDPRINGLES"."RECORDS" MODIFY ("ASSI" NOT NULL ENABLE);
  ALTER TABLE "GRANDPRINGLES"."RECORDS" MODIFY ("DEATH" NOT NULL ENABLE);
  ALTER TABLE "GRANDPRINGLES"."RECORDS" MODIFY ("KILL" NOT NULL ENABLE);
  ALTER TABLE "GRANDPRINGLES"."RECORDS" MODIFY ("USER_NO" NOT NULL ENABLE);
  ALTER TABLE "GRANDPRINGLES"."RECORDS" MODIFY ("SEQ" NOT NULL ENABLE);
  ALTER TABLE "GRANDPRINGLES"."RECORDS" MODIFY ("MATCH_NO" NOT NULL ENABLE);
--------------------------------------------------------
--  Constraints for Table GRANDPRIX_NAMES
--------------------------------------------------------

  ALTER TABLE "GRANDPRINGLES"."GRANDPRIX_NAMES" ADD CONSTRAINT "PK_GRANDPRIX_NAMES" PRIMARY KEY ("NO")
  USING INDEX PCTFREE 10 INITRANS 2 MAXTRANS 255 COMPUTE STATISTICS 
  STORAGE(INITIAL 65536 NEXT 1048576 MINEXTENTS 1 MAXEXTENTS 2147483645
  PCTINCREASE 0 FREELISTS 1 FREELIST GROUPS 1 BUFFER_POOL DEFAULT FLASH_CACHE DEFAULT CELL_FLASH_CACHE DEFAULT)
  TABLESPACE "GRANDPRINGLES"  ENABLE;
  ALTER TABLE "GRANDPRINGLES"."GRANDPRIX_NAMES" MODIFY ("REGDATE" NOT NULL ENABLE);
  ALTER TABLE "GRANDPRINGLES"."GRANDPRIX_NAMES" MODIFY ("OWNER_NO" NOT NULL ENABLE);
  ALTER TABLE "GRANDPRINGLES"."GRANDPRIX_NAMES" MODIFY ("NO" NOT NULL ENABLE);
--------------------------------------------------------
--  Constraints for Table AUTHENTICATIONS
--------------------------------------------------------

  ALTER TABLE "GRANDPRINGLES"."AUTHENTICATIONS" ADD CONSTRAINT "PK_AUTHENTICATIONS" PRIMARY KEY ("KEY")
  USING INDEX PCTFREE 10 INITRANS 2 MAXTRANS 255 COMPUTE STATISTICS 
  STORAGE(INITIAL 65536 NEXT 1048576 MINEXTENTS 1 MAXEXTENTS 2147483645
  PCTINCREASE 0 FREELISTS 1 FREELIST GROUPS 1 BUFFER_POOL DEFAULT FLASH_CACHE DEFAULT CELL_FLASH_CACHE DEFAULT)
  TABLESPACE "GRANDPRINGLES"  ENABLE;
  ALTER TABLE "GRANDPRINGLES"."AUTHENTICATIONS" MODIFY ("REGDATE" NOT NULL ENABLE);
  ALTER TABLE "GRANDPRINGLES"."AUTHENTICATIONS" MODIFY ("CODE" NOT NULL ENABLE);
  ALTER TABLE "GRANDPRINGLES"."AUTHENTICATIONS" MODIFY ("KEY" NOT NULL ENABLE);
--------------------------------------------------------
--  Constraints for Table PRIXES
--------------------------------------------------------

  ALTER TABLE "GRANDPRINGLES"."PRIXES" ADD CONSTRAINT "PK_PRIXES" PRIMARY KEY ("NO")
  USING INDEX PCTFREE 10 INITRANS 2 MAXTRANS 255 COMPUTE STATISTICS 
  STORAGE(INITIAL 65536 NEXT 1048576 MINEXTENTS 1 MAXEXTENTS 2147483645
  PCTINCREASE 0 FREELISTS 1 FREELIST GROUPS 1 BUFFER_POOL DEFAULT FLASH_CACHE DEFAULT CELL_FLASH_CACHE DEFAULT)
  TABLESPACE "GRANDPRINGLES"  ENABLE;
  ALTER TABLE "GRANDPRINGLES"."PRIXES" MODIFY ("REGDATE" NOT NULL ENABLE);
  ALTER TABLE "GRANDPRINGLES"."PRIXES" MODIFY ("CONTENT" NOT NULL ENABLE);
  ALTER TABLE "GRANDPRINGLES"."PRIXES" MODIFY ("TO_USER" NOT NULL ENABLE);
  ALTER TABLE "GRANDPRINGLES"."PRIXES" MODIFY ("GRND_NUM" NOT NULL ENABLE);
  ALTER TABLE "GRANDPRINGLES"."PRIXES" MODIFY ("GRND_NO" NOT NULL ENABLE);
  ALTER TABLE "GRANDPRINGLES"."PRIXES" MODIFY ("NO" NOT NULL ENABLE);
--------------------------------------------------------
--  Constraints for Table BETTINGS
--------------------------------------------------------

  ALTER TABLE "GRANDPRINGLES"."BETTINGS" ADD CONSTRAINT "PK_BETTINGS" PRIMARY KEY ("USER_NO", "CORNER", "BOARD_NO")
  USING INDEX PCTFREE 10 INITRANS 2 MAXTRANS 255 COMPUTE STATISTICS 
  STORAGE(INITIAL 65536 NEXT 1048576 MINEXTENTS 1 MAXEXTENTS 2147483645
  PCTINCREASE 0 FREELISTS 1 FREELIST GROUPS 1 BUFFER_POOL DEFAULT FLASH_CACHE DEFAULT CELL_FLASH_CACHE DEFAULT)
  TABLESPACE "GRANDPRINGLES"  ENABLE;
  ALTER TABLE "GRANDPRINGLES"."BETTINGS" MODIFY ("REGDATE" NOT NULL ENABLE);
  ALTER TABLE "GRANDPRINGLES"."BETTINGS" MODIFY ("MATCH_NO" NOT NULL ENABLE);
  ALTER TABLE "GRANDPRINGLES"."BETTINGS" MODIFY ("CHIPS" NOT NULL ENABLE);
  ALTER TABLE "GRANDPRINGLES"."BETTINGS" MODIFY ("BOARD_NO" NOT NULL ENABLE);
  ALTER TABLE "GRANDPRINGLES"."BETTINGS" MODIFY ("CORNER" NOT NULL ENABLE);
  ALTER TABLE "GRANDPRINGLES"."BETTINGS" MODIFY ("USER_NO" NOT NULL ENABLE);
--------------------------------------------------------
--  Constraints for Table PARTICIPANT_CONDITIONS
--------------------------------------------------------

  ALTER TABLE "GRANDPRINGLES"."PARTICIPANT_CONDITIONS" ADD CONSTRAINT "PK_PARTICIPANT_CONDITIONS" PRIMARY KEY ("GRND_NO", "GRND_NUM", "NUM")
  USING INDEX PCTFREE 10 INITRANS 2 MAXTRANS 255 COMPUTE STATISTICS 
  STORAGE(INITIAL 65536 NEXT 1048576 MINEXTENTS 1 MAXEXTENTS 2147483645
  PCTINCREASE 0 FREELISTS 1 FREELIST GROUPS 1 BUFFER_POOL DEFAULT FLASH_CACHE DEFAULT CELL_FLASH_CACHE DEFAULT)
  TABLESPACE "GRANDPRINGLES"  ENABLE;
  ALTER TABLE "GRANDPRINGLES"."PARTICIPANT_CONDITIONS" MODIFY ("REGDATE" NOT NULL ENABLE);
  ALTER TABLE "GRANDPRINGLES"."PARTICIPANT_CONDITIONS" MODIFY ("TITLE" NOT NULL ENABLE);
  ALTER TABLE "GRANDPRINGLES"."PARTICIPANT_CONDITIONS" MODIFY ("IS_NECESSARY" NOT NULL ENABLE);
  ALTER TABLE "GRANDPRINGLES"."PARTICIPANT_CONDITIONS" MODIFY ("IS_IMAGE" NOT NULL ENABLE);
  ALTER TABLE "GRANDPRINGLES"."PARTICIPANT_CONDITIONS" MODIFY ("NUM" NOT NULL ENABLE);
  ALTER TABLE "GRANDPRINGLES"."PARTICIPANT_CONDITIONS" MODIFY ("GRND_NUM" NOT NULL ENABLE);
  ALTER TABLE "GRANDPRINGLES"."PARTICIPANT_CONDITIONS" MODIFY ("GRND_NO" NOT NULL ENABLE);
--------------------------------------------------------
--  Constraints for Table LIKINGS
--------------------------------------------------------

  ALTER TABLE "GRANDPRINGLES"."LIKINGS" ADD CONSTRAINT "PK_LIKINGS" PRIMARY KEY ("NO")
  USING INDEX PCTFREE 10 INITRANS 2 MAXTRANS 255 COMPUTE STATISTICS 
  STORAGE(INITIAL 65536 NEXT 1048576 MINEXTENTS 1 MAXEXTENTS 2147483645
  PCTINCREASE 0 FREELISTS 1 FREELIST GROUPS 1 BUFFER_POOL DEFAULT FLASH_CACHE DEFAULT CELL_FLASH_CACHE DEFAULT)
  TABLESPACE "GRANDPRINGLES"  ENABLE;
  ALTER TABLE "GRANDPRINGLES"."LIKINGS" MODIFY ("REGDATE" NOT NULL ENABLE);
  ALTER TABLE "GRANDPRINGLES"."LIKINGS" MODIFY ("CONTENT_ID" NOT NULL ENABLE);
  ALTER TABLE "GRANDPRINGLES"."LIKINGS" MODIFY ("TYPE" NOT NULL ENABLE);
  ALTER TABLE "GRANDPRINGLES"."LIKINGS" MODIFY ("USER_NO" NOT NULL ENABLE);
  ALTER TABLE "GRANDPRINGLES"."LIKINGS" MODIFY ("NO" NOT NULL ENABLE);
--------------------------------------------------------
--  Constraints for Table POTATOCHIPS
--------------------------------------------------------

  ALTER TABLE "GRANDPRINGLES"."POTATOCHIPS" ADD CONSTRAINT "PK_POTATOCHIPS" PRIMARY KEY ("NO")
  USING INDEX PCTFREE 10 INITRANS 2 MAXTRANS 255 COMPUTE STATISTICS 
  STORAGE(INITIAL 65536 NEXT 1048576 MINEXTENTS 1 MAXEXTENTS 2147483645
  PCTINCREASE 0 FREELISTS 1 FREELIST GROUPS 1 BUFFER_POOL DEFAULT FLASH_CACHE DEFAULT CELL_FLASH_CACHE DEFAULT)
  TABLESPACE "GRANDPRINGLES"  ENABLE;
  ALTER TABLE "GRANDPRINGLES"."POTATOCHIPS" MODIFY ("CONTENT_ID" NOT NULL ENABLE);
  ALTER TABLE "GRANDPRINGLES"."POTATOCHIPS" MODIFY ("TYPE" NOT NULL ENABLE);
  ALTER TABLE "GRANDPRINGLES"."POTATOCHIPS" MODIFY ("VARY" NOT NULL ENABLE);
  ALTER TABLE "GRANDPRINGLES"."POTATOCHIPS" MODIFY ("USER_NO" NOT NULL ENABLE);
  ALTER TABLE "GRANDPRINGLES"."POTATOCHIPS" MODIFY ("REGDATE" NOT NULL ENABLE);
  ALTER TABLE "GRANDPRINGLES"."POTATOCHIPS" MODIFY ("NO" NOT NULL ENABLE);
--------------------------------------------------------
--  Constraints for Table USERS
--------------------------------------------------------

  ALTER TABLE "GRANDPRINGLES"."USERS" ADD CONSTRAINT "PK_USERS" PRIMARY KEY ("NO")
  USING INDEX PCTFREE 10 INITRANS 2 MAXTRANS 255 COMPUTE STATISTICS 
  STORAGE(INITIAL 65536 NEXT 1048576 MINEXTENTS 1 MAXEXTENTS 2147483645
  PCTINCREASE 0 FREELISTS 1 FREELIST GROUPS 1 BUFFER_POOL DEFAULT FLASH_CACHE DEFAULT CELL_FLASH_CACHE DEFAULT)
  TABLESPACE "GRANDPRINGLES"  ENABLE;
  ALTER TABLE "GRANDPRINGLES"."USERS" MODIFY ("REGDATE" NOT NULL ENABLE);
  ALTER TABLE "GRANDPRINGLES"."USERS" MODIFY ("POTATOCHIP" NOT NULL ENABLE);
  ALTER TABLE "GRANDPRINGLES"."USERS" MODIFY ("GAME_TIER" NOT NULL ENABLE);
  ALTER TABLE "GRANDPRINGLES"."USERS" MODIFY ("GAME_NICKNAME" NOT NULL ENABLE);
  ALTER TABLE "GRANDPRINGLES"."USERS" MODIFY ("SEX" NOT NULL ENABLE);
  ALTER TABLE "GRANDPRINGLES"."USERS" MODIFY ("NICKNAME" NOT NULL ENABLE);
  ALTER TABLE "GRANDPRINGLES"."USERS" MODIFY ("PASSWORD" NOT NULL ENABLE);
  ALTER TABLE "GRANDPRINGLES"."USERS" MODIFY ("EMAIL" NOT NULL ENABLE);
  ALTER TABLE "GRANDPRINGLES"."USERS" MODIFY ("NO" NOT NULL ENABLE);
--------------------------------------------------------
--  Constraints for Table TEAM_MEMBERS
--------------------------------------------------------

  ALTER TABLE "GRANDPRINGLES"."TEAM_MEMBERS" ADD CONSTRAINT "PK_TEAM_MEMBERS" PRIMARY KEY ("GRND_NO", "GRND_NUM", "LEADER_NO", "MEMBER_NO")
  USING INDEX PCTFREE 10 INITRANS 2 MAXTRANS 255 COMPUTE STATISTICS 
  STORAGE(INITIAL 65536 NEXT 1048576 MINEXTENTS 1 MAXEXTENTS 2147483645
  PCTINCREASE 0 FREELISTS 1 FREELIST GROUPS 1 BUFFER_POOL DEFAULT FLASH_CACHE DEFAULT CELL_FLASH_CACHE DEFAULT)
  TABLESPACE "GRANDPRINGLES"  ENABLE;
  ALTER TABLE "GRANDPRINGLES"."TEAM_MEMBERS" MODIFY ("REGDATE" NOT NULL ENABLE);
  ALTER TABLE "GRANDPRINGLES"."TEAM_MEMBERS" MODIFY ("MEMBER_NO" NOT NULL ENABLE);
  ALTER TABLE "GRANDPRINGLES"."TEAM_MEMBERS" MODIFY ("LEADER_NO" NOT NULL ENABLE);
  ALTER TABLE "GRANDPRINGLES"."TEAM_MEMBERS" MODIFY ("GRND_NUM" NOT NULL ENABLE);
  ALTER TABLE "GRANDPRINGLES"."TEAM_MEMBERS" MODIFY ("GRND_NO" NOT NULL ENABLE);
--------------------------------------------------------
--  Constraints for Table COMMENTS
--------------------------------------------------------

  ALTER TABLE "GRANDPRINGLES"."COMMENTS" ADD CONSTRAINT "PK_COMMENTS" PRIMARY KEY ("NO")
  USING INDEX PCTFREE 10 INITRANS 2 MAXTRANS 255 COMPUTE STATISTICS 
  STORAGE(INITIAL 65536 NEXT 1048576 MINEXTENTS 1 MAXEXTENTS 2147483645
  PCTINCREASE 0 FREELISTS 1 FREELIST GROUPS 1 BUFFER_POOL DEFAULT FLASH_CACHE DEFAULT CELL_FLASH_CACHE DEFAULT)
  TABLESPACE "GRANDPRINGLES"  ENABLE;
  ALTER TABLE "GRANDPRINGLES"."COMMENTS" MODIFY ("REGDATE" NOT NULL ENABLE);
  ALTER TABLE "GRANDPRINGLES"."COMMENTS" MODIFY ("LIKING" NOT NULL ENABLE);
  ALTER TABLE "GRANDPRINGLES"."COMMENTS" MODIFY ("CONTENT" NOT NULL ENABLE);
  ALTER TABLE "GRANDPRINGLES"."COMMENTS" MODIFY ("BOARD_NO" NOT NULL ENABLE);
  ALTER TABLE "GRANDPRINGLES"."COMMENTS" MODIFY ("USER_NO" NOT NULL ENABLE);
  ALTER TABLE "GRANDPRINGLES"."COMMENTS" MODIFY ("NO" NOT NULL ENABLE);
--------------------------------------------------------
--  Constraints for Table CLAUSES
--------------------------------------------------------

  ALTER TABLE "GRANDPRINGLES"."CLAUSES" MODIFY ("REGDATE" NOT NULL ENABLE);
  ALTER TABLE "GRANDPRINGLES"."CLAUSES" MODIFY ("IS_NECESSARY" NOT NULL ENABLE);
  ALTER TABLE "GRANDPRINGLES"."CLAUSES" MODIFY ("CONTENT" NOT NULL ENABLE);
  ALTER TABLE "GRANDPRINGLES"."CLAUSES" MODIFY ("TITLE" NOT NULL ENABLE);
  ALTER TABLE "GRANDPRINGLES"."CLAUSES" MODIFY ("NUM" NOT NULL ENABLE);
  ALTER TABLE "GRANDPRINGLES"."CLAUSES" MODIFY ("GRND_NUM" NOT NULL ENABLE);
  ALTER TABLE "GRANDPRINGLES"."CLAUSES" MODIFY ("GRND_NO" NOT NULL ENABLE);
--------------------------------------------------------
--  Constraints for Table MANAGERS
--------------------------------------------------------

  ALTER TABLE "GRANDPRINGLES"."MANAGERS" ADD CONSTRAINT "PK_MANAGERS" PRIMARY KEY ("GRND_NO", "GRND_NUM", "ADMIN_NO")
  USING INDEX PCTFREE 10 INITRANS 2 MAXTRANS 255 COMPUTE STATISTICS 
  STORAGE(INITIAL 65536 NEXT 1048576 MINEXTENTS 1 MAXEXTENTS 2147483645
  PCTINCREASE 0 FREELISTS 1 FREELIST GROUPS 1 BUFFER_POOL DEFAULT FLASH_CACHE DEFAULT CELL_FLASH_CACHE DEFAULT)
  TABLESPACE "GRANDPRINGLES"  ENABLE;
  ALTER TABLE "GRANDPRINGLES"."MANAGERS" MODIFY ("REGDATE" NOT NULL ENABLE);
  ALTER TABLE "GRANDPRINGLES"."MANAGERS" MODIFY ("ADMIN_NO" NOT NULL ENABLE);
  ALTER TABLE "GRANDPRINGLES"."MANAGERS" MODIFY ("GRND_NUM" NOT NULL ENABLE);
  ALTER TABLE "GRANDPRINGLES"."MANAGERS" MODIFY ("GRND_NO" NOT NULL ENABLE);
--------------------------------------------------------
--  Constraints for Table GAMES
--------------------------------------------------------

  ALTER TABLE "GRANDPRINGLES"."GAMES" ADD CONSTRAINT "PK_GAMES" PRIMARY KEY ("MATCH_NO", "SEQ")
  USING INDEX PCTFREE 10 INITRANS 2 MAXTRANS 255 COMPUTE STATISTICS 
  STORAGE(INITIAL 65536 NEXT 1048576 MINEXTENTS 1 MAXEXTENTS 2147483645
  PCTINCREASE 0 FREELISTS 1 FREELIST GROUPS 1 BUFFER_POOL DEFAULT FLASH_CACHE DEFAULT CELL_FLASH_CACHE DEFAULT)
  TABLESPACE "GRANDPRINGLES"  ENABLE;
  ALTER TABLE "GRANDPRINGLES"."GAMES" MODIFY ("REGDATE" NOT NULL ENABLE);
  ALTER TABLE "GRANDPRINGLES"."GAMES" MODIFY ("SEQ" NOT NULL ENABLE);
  ALTER TABLE "GRANDPRINGLES"."GAMES" MODIFY ("MATCH_NO" NOT NULL ENABLE);
--------------------------------------------------------
--  Constraints for Table BOARDS
--------------------------------------------------------

  ALTER TABLE "GRANDPRINGLES"."BOARDS" ADD CONSTRAINT "PK_BOARDS" PRIMARY KEY ("BOARD_NO")
  USING INDEX PCTFREE 10 INITRANS 2 MAXTRANS 255 COMPUTE STATISTICS 
  STORAGE(INITIAL 65536 NEXT 1048576 MINEXTENTS 1 MAXEXTENTS 2147483645
  PCTINCREASE 0 FREELISTS 1 FREELIST GROUPS 1 BUFFER_POOL DEFAULT FLASH_CACHE DEFAULT CELL_FLASH_CACHE DEFAULT)
  TABLESPACE "GRANDPRINGLES"  ENABLE;
  ALTER TABLE "GRANDPRINGLES"."BOARDS" MODIFY ("COMMNET_COUNT" NOT NULL ENABLE);
  ALTER TABLE "GRANDPRINGLES"."BOARDS" MODIFY ("REGDATE" NOT NULL ENABLE);
  ALTER TABLE "GRANDPRINGLES"."BOARDS" MODIFY ("LIKING" NOT NULL ENABLE);
  ALTER TABLE "GRANDPRINGLES"."BOARDS" MODIFY ("VIEW_CNT" NOT NULL ENABLE);
  ALTER TABLE "GRANDPRINGLES"."BOARDS" MODIFY ("LAST_MODIFIED" NOT NULL ENABLE);
  ALTER TABLE "GRANDPRINGLES"."BOARDS" MODIFY ("IS_UPDATE" NOT NULL ENABLE);
  ALTER TABLE "GRANDPRINGLES"."BOARDS" MODIFY ("TITLE" NOT NULL ENABLE);
  ALTER TABLE "GRANDPRINGLES"."BOARDS" MODIFY ("CATEGORY" NOT NULL ENABLE);
  ALTER TABLE "GRANDPRINGLES"."BOARDS" MODIFY ("CONTENT" NOT NULL ENABLE);
  ALTER TABLE "GRANDPRINGLES"."BOARDS" MODIFY ("GRND_NUM" NOT NULL ENABLE);
  ALTER TABLE "GRANDPRINGLES"."BOARDS" MODIFY ("GRND_NO" NOT NULL ENABLE);
  ALTER TABLE "GRANDPRINGLES"."BOARDS" MODIFY ("USER_NO" NOT NULL ENABLE);
  ALTER TABLE "GRANDPRINGLES"."BOARDS" MODIFY ("BOARD_NO" NOT NULL ENABLE);
--------------------------------------------------------
--  Constraints for Table PARTICIPANT_APPLICATIONS
--------------------------------------------------------

  ALTER TABLE "GRANDPRINGLES"."PARTICIPANT_APPLICATIONS" ADD CONSTRAINT "PK_PARTICIPANT_APPLICATIONS" PRIMARY KEY ("USER_NO", "GRND_NO", "NUM", "GRND_NUM")
  USING INDEX PCTFREE 10 INITRANS 2 MAXTRANS 255 COMPUTE STATISTICS 
  STORAGE(INITIAL 65536 NEXT 1048576 MINEXTENTS 1 MAXEXTENTS 2147483645
  PCTINCREASE 0 FREELISTS 1 FREELIST GROUPS 1 BUFFER_POOL DEFAULT FLASH_CACHE DEFAULT CELL_FLASH_CACHE DEFAULT)
  TABLESPACE "GRANDPRINGLES"  ENABLE;
  ALTER TABLE "GRANDPRINGLES"."PARTICIPANT_APPLICATIONS" MODIFY ("REGDATE" NOT NULL ENABLE);
  ALTER TABLE "GRANDPRINGLES"."PARTICIPANT_APPLICATIONS" MODIFY ("CONTENT" NOT NULL ENABLE);
  ALTER TABLE "GRANDPRINGLES"."PARTICIPANT_APPLICATIONS" MODIFY ("GRND_NUM" NOT NULL ENABLE);
  ALTER TABLE "GRANDPRINGLES"."PARTICIPANT_APPLICATIONS" MODIFY ("NUM" NOT NULL ENABLE);
  ALTER TABLE "GRANDPRINGLES"."PARTICIPANT_APPLICATIONS" MODIFY ("GRND_NO" NOT NULL ENABLE);
  ALTER TABLE "GRANDPRINGLES"."PARTICIPANT_APPLICATIONS" MODIFY ("USER_NO" NOT NULL ENABLE);
--------------------------------------------------------
--  Constraints for Table ANNOUNCE_UPDATE_LOG
--------------------------------------------------------

  ALTER TABLE "GRANDPRINGLES"."ANNOUNCE_UPDATE_LOG" MODIFY ("REGDATE" NOT NULL ENABLE);
  ALTER TABLE "GRANDPRINGLES"."ANNOUNCE_UPDATE_LOG" ADD CONSTRAINT "PK_ANNOUNCE_UPDATE_LOG" PRIMARY KEY ("NO")
  USING INDEX PCTFREE 10 INITRANS 2 MAXTRANS 255 COMPUTE STATISTICS 
  STORAGE(INITIAL 65536 NEXT 1048576 MINEXTENTS 1 MAXEXTENTS 2147483645
  PCTINCREASE 0 FREELISTS 1 FREELIST GROUPS 1 BUFFER_POOL DEFAULT FLASH_CACHE DEFAULT CELL_FLASH_CACHE DEFAULT)
  TABLESPACE "GRANDPRINGLES"  ENABLE;
  ALTER TABLE "GRANDPRINGLES"."ANNOUNCE_UPDATE_LOG" MODIFY ("CONTENT" NOT NULL ENABLE);
  ALTER TABLE "GRANDPRINGLES"."ANNOUNCE_UPDATE_LOG" MODIFY ("MANAGER_NO" NOT NULL ENABLE);
  ALTER TABLE "GRANDPRINGLES"."ANNOUNCE_UPDATE_LOG" MODIFY ("GRND_NUM" NOT NULL ENABLE);
  ALTER TABLE "GRANDPRINGLES"."ANNOUNCE_UPDATE_LOG" MODIFY ("GRND_NO" NOT NULL ENABLE);
  ALTER TABLE "GRANDPRINGLES"."ANNOUNCE_UPDATE_LOG" MODIFY ("NO" NOT NULL ENABLE);
--------------------------------------------------------
--  Constraints for Table DISCUSSIONS
--------------------------------------------------------

  ALTER TABLE "GRANDPRINGLES"."DISCUSSIONS" ADD CONSTRAINT "PK_DISCUSSIONS" PRIMARY KEY ("USER_NO", "SELECTION", "BOARD_NO")
  USING INDEX PCTFREE 10 INITRANS 2 MAXTRANS 255 COMPUTE STATISTICS 
  STORAGE(INITIAL 65536 NEXT 1048576 MINEXTENTS 1 MAXEXTENTS 2147483645
  PCTINCREASE 0 FREELISTS 1 FREELIST GROUPS 1 BUFFER_POOL DEFAULT FLASH_CACHE DEFAULT CELL_FLASH_CACHE DEFAULT)
  TABLESPACE "GRANDPRINGLES"  ENABLE;
  ALTER TABLE "GRANDPRINGLES"."DISCUSSIONS" MODIFY ("REGDATE" NOT NULL ENABLE);
  ALTER TABLE "GRANDPRINGLES"."DISCUSSIONS" MODIFY ("BOARD_NO" NOT NULL ENABLE);
  ALTER TABLE "GRANDPRINGLES"."DISCUSSIONS" MODIFY ("SELECTION" NOT NULL ENABLE);
  ALTER TABLE "GRANDPRINGLES"."DISCUSSIONS" MODIFY ("USER_NO" NOT NULL ENABLE);
--------------------------------------------------------
--  Constraints for Table PARTICIPATIONS
--------------------------------------------------------

  ALTER TABLE "GRANDPRINGLES"."PARTICIPATIONS" ADD CONSTRAINT "PK_PARTICIPATIONS" PRIMARY KEY ("GRND_NO", "USER_NO", "GRND_NUM")
  USING INDEX PCTFREE 10 INITRANS 2 MAXTRANS 255 COMPUTE STATISTICS 
  STORAGE(INITIAL 65536 NEXT 1048576 MINEXTENTS 1 MAXEXTENTS 2147483645
  PCTINCREASE 0 FREELISTS 1 FREELIST GROUPS 1 BUFFER_POOL DEFAULT FLASH_CACHE DEFAULT CELL_FLASH_CACHE DEFAULT)
  TABLESPACE "GRANDPRINGLES"  ENABLE;
  ALTER TABLE "GRANDPRINGLES"."PARTICIPATIONS" MODIFY ("REGDATE" NOT NULL ENABLE);
  ALTER TABLE "GRANDPRINGLES"."PARTICIPATIONS" MODIFY ("STATUS" NOT NULL ENABLE);
  ALTER TABLE "GRANDPRINGLES"."PARTICIPATIONS" MODIFY ("GRND_NUM" NOT NULL ENABLE);
  ALTER TABLE "GRANDPRINGLES"."PARTICIPATIONS" MODIFY ("USER_NO" NOT NULL ENABLE);
  ALTER TABLE "GRANDPRINGLES"."PARTICIPATIONS" MODIFY ("GRND_NO" NOT NULL ENABLE);
--------------------------------------------------------
--  Constraints for Table TEAMS
--------------------------------------------------------

  ALTER TABLE "GRANDPRINGLES"."TEAMS" ADD CONSTRAINT "PK_TEAMS" PRIMARY KEY ("GRND_NO", "GRND_NUM", "LEADER_NO")
  USING INDEX PCTFREE 10 INITRANS 2 MAXTRANS 255 COMPUTE STATISTICS 
  STORAGE(INITIAL 65536 NEXT 1048576 MINEXTENTS 1 MAXEXTENTS 2147483645
  PCTINCREASE 0 FREELISTS 1 FREELIST GROUPS 1 BUFFER_POOL DEFAULT FLASH_CACHE DEFAULT CELL_FLASH_CACHE DEFAULT)
  TABLESPACE "GRANDPRINGLES"  ENABLE;
  ALTER TABLE "GRANDPRINGLES"."TEAMS" MODIFY ("REGDATE" NOT NULL ENABLE);
  ALTER TABLE "GRANDPRINGLES"."TEAMS" MODIFY ("NAME" NOT NULL ENABLE);
  ALTER TABLE "GRANDPRINGLES"."TEAMS" MODIFY ("IS_SHOW" NOT NULL ENABLE);
  ALTER TABLE "GRANDPRINGLES"."TEAMS" MODIFY ("LEADER_NO" NOT NULL ENABLE);
  ALTER TABLE "GRANDPRINGLES"."TEAMS" MODIFY ("GRND_NUM" NOT NULL ENABLE);
  ALTER TABLE "GRANDPRINGLES"."TEAMS" MODIFY ("GRND_NO" NOT NULL ENABLE);
--------------------------------------------------------
--  Constraints for Table GRANDPRIXES
--------------------------------------------------------

  ALTER TABLE "GRANDPRINGLES"."GRANDPRIXES" ADD CONSTRAINT "PK_GRANDPRIXES" PRIMARY KEY ("GRND_NO", "NUM")
  USING INDEX PCTFREE 10 INITRANS 2 MAXTRANS 255 COMPUTE STATISTICS 
  STORAGE(INITIAL 65536 NEXT 1048576 MINEXTENTS 1 MAXEXTENTS 2147483645
  PCTINCREASE 0 FREELISTS 1 FREELIST GROUPS 1 BUFFER_POOL DEFAULT FLASH_CACHE DEFAULT CELL_FLASH_CACHE DEFAULT)
  TABLESPACE "GRANDPRINGLES"  ENABLE;
  ALTER TABLE "GRANDPRINGLES"."GRANDPRIXES" MODIFY ("REGDATE" NOT NULL ENABLE);
  ALTER TABLE "GRANDPRINGLES"."GRANDPRIXES" MODIFY ("OWNER_NO" NOT NULL ENABLE);
  ALTER TABLE "GRANDPRINGLES"."GRANDPRIXES" MODIFY ("NUM" NOT NULL ENABLE);
  ALTER TABLE "GRANDPRINGLES"."GRANDPRIXES" MODIFY ("GRND_NO" NOT NULL ENABLE);
--------------------------------------------------------
--  Ref Constraints for Table ANNOUNCE_UPDATE_LOG
--------------------------------------------------------

  ALTER TABLE "GRANDPRINGLES"."ANNOUNCE_UPDATE_LOG" ADD CONSTRAINT "FK_GRAND_TO_ANN_UPDATE_LOG" FOREIGN KEY ("GRND_NO", "GRND_NUM")
	  REFERENCES "GRANDPRINGLES"."GRANDPRIXES" ("GRND_NO", "NUM") ENABLE;
  ALTER TABLE "GRANDPRINGLES"."ANNOUNCE_UPDATE_LOG" ADD CONSTRAINT "FK_USERS_TO_ANN_UPDATE_LOG" FOREIGN KEY ("MANAGER_NO")
	  REFERENCES "GRANDPRINGLES"."USERS" ("NO") ENABLE;
--------------------------------------------------------
--  Ref Constraints for Table BETTINGS
--------------------------------------------------------

  ALTER TABLE "GRANDPRINGLES"."BETTINGS" ADD CONSTRAINT "FK_BOARDS_TO_BETTINGS" FOREIGN KEY ("BOARD_NO")
	  REFERENCES "GRANDPRINGLES"."BOARDS" ("BOARD_NO") ENABLE;
  ALTER TABLE "GRANDPRINGLES"."BETTINGS" ADD CONSTRAINT "FK_MATCHS_TO_BETTINGS" FOREIGN KEY ("MATCH_NO")
	  REFERENCES "GRANDPRINGLES"."MATCHS" ("NO") ENABLE;
  ALTER TABLE "GRANDPRINGLES"."BETTINGS" ADD CONSTRAINT "FK_USERS_TO_BETTINGS" FOREIGN KEY ("USER_NO")
	  REFERENCES "GRANDPRINGLES"."USERS" ("NO") ENABLE;
--------------------------------------------------------
--  Ref Constraints for Table BOARDS
--------------------------------------------------------

  ALTER TABLE "GRANDPRINGLES"."BOARDS" ADD CONSTRAINT "FK_GRANDPRIXES_TO_BOARDS" FOREIGN KEY ("GRND_NO", "GRND_NUM")
	  REFERENCES "GRANDPRINGLES"."GRANDPRIXES" ("GRND_NO", "NUM") ENABLE;
  ALTER TABLE "GRANDPRINGLES"."BOARDS" ADD CONSTRAINT "FK_MATCHS_TO_BOARDS" FOREIGN KEY ("MATCH_NO")
	  REFERENCES "GRANDPRINGLES"."MATCHS" ("NO") ENABLE;
  ALTER TABLE "GRANDPRINGLES"."BOARDS" ADD CONSTRAINT "FK_USERS_TO_BOARDS" FOREIGN KEY ("USER_NO")
	  REFERENCES "GRANDPRINGLES"."USERS" ("NO") ENABLE;
--------------------------------------------------------
--  Ref Constraints for Table CLAUSES
--------------------------------------------------------

  ALTER TABLE "GRANDPRINGLES"."CLAUSES" ADD CONSTRAINT "FK_GRANDPRIXES_TO_CLAUSES" FOREIGN KEY ("GRND_NO", "GRND_NUM")
	  REFERENCES "GRANDPRINGLES"."GRANDPRIXES" ("GRND_NO", "NUM") ENABLE;
--------------------------------------------------------
--  Ref Constraints for Table COMMENTS
--------------------------------------------------------

  ALTER TABLE "GRANDPRINGLES"."COMMENTS" ADD CONSTRAINT "FK_BOARDS_TO_COMMENTS" FOREIGN KEY ("BOARD_NO")
	  REFERENCES "GRANDPRINGLES"."BOARDS" ("BOARD_NO") ENABLE;
  ALTER TABLE "GRANDPRINGLES"."COMMENTS" ADD CONSTRAINT "FK_USERS_TO_COMMENTS" FOREIGN KEY ("USER_NO")
	  REFERENCES "GRANDPRINGLES"."USERS" ("NO") ENABLE;
--------------------------------------------------------
--  Ref Constraints for Table DISCUSSIONS
--------------------------------------------------------

  ALTER TABLE "GRANDPRINGLES"."DISCUSSIONS" ADD CONSTRAINT "FK_USERS_TO_DISCUSSIONS" FOREIGN KEY ("USER_NO")
	  REFERENCES "GRANDPRINGLES"."USERS" ("NO") ENABLE;
  ALTER TABLE "GRANDPRINGLES"."DISCUSSIONS" ADD CONSTRAINT "FK_VOTES_TO_DISCUSSIONS" FOREIGN KEY ("BOARD_NO", "SELECTION")
	  REFERENCES "GRANDPRINGLES"."VOTES" ("BOARD_NO", "NUM") ENABLE;
--------------------------------------------------------
--  Ref Constraints for Table GAMES
--------------------------------------------------------

  ALTER TABLE "GRANDPRINGLES"."GAMES" ADD CONSTRAINT "FK_MATCHS_TO_GAMES" FOREIGN KEY ("MATCH_NO")
	  REFERENCES "GRANDPRINGLES"."MATCHS" ("NO") ENABLE;
--------------------------------------------------------
--  Ref Constraints for Table GRANDPRIXES
--------------------------------------------------------

  ALTER TABLE "GRANDPRINGLES"."GRANDPRIXES" ADD CONSTRAINT "FK_GRAND_NAMES_TO_GRAND" FOREIGN KEY ("GRND_NO")
	  REFERENCES "GRANDPRINGLES"."GRANDPRIX_NAMES" ("NO") ENABLE;
  ALTER TABLE "GRANDPRINGLES"."GRANDPRIXES" ADD CONSTRAINT "FK_USERS_TO_GRANDPRIXES" FOREIGN KEY ("OWNER_NO")
	  REFERENCES "GRANDPRINGLES"."USERS" ("NO") ENABLE;
--------------------------------------------------------
--  Ref Constraints for Table GRANDPRIX_NAMES
--------------------------------------------------------

  ALTER TABLE "GRANDPRINGLES"."GRANDPRIX_NAMES" ADD CONSTRAINT "FK_USERS_TO_GRANDPRIX_NAMES" FOREIGN KEY ("OWNER_NO")
	  REFERENCES "GRANDPRINGLES"."USERS" ("NO") ENABLE;
--------------------------------------------------------
--  Ref Constraints for Table LIKINGS
--------------------------------------------------------

  ALTER TABLE "GRANDPRINGLES"."LIKINGS" ADD CONSTRAINT "FK_USERS_TO_LIKINGS" FOREIGN KEY ("USER_NO")
	  REFERENCES "GRANDPRINGLES"."USERS" ("NO") ENABLE;
--------------------------------------------------------
--  Ref Constraints for Table MANAGERS
--------------------------------------------------------

  ALTER TABLE "GRANDPRINGLES"."MANAGERS" ADD CONSTRAINT "FK_GRANDPRIXES_TO_MANAGERS" FOREIGN KEY ("GRND_NO", "GRND_NUM")
	  REFERENCES "GRANDPRINGLES"."GRANDPRIXES" ("GRND_NO", "NUM") ENABLE;
  ALTER TABLE "GRANDPRINGLES"."MANAGERS" ADD CONSTRAINT "FK_USERS_TO_MANAGERS" FOREIGN KEY ("ADMIN_NO")
	  REFERENCES "GRANDPRINGLES"."USERS" ("NO") ENABLE;
--------------------------------------------------------
--  Ref Constraints for Table MATCHS
--------------------------------------------------------

  ALTER TABLE "GRANDPRINGLES"."MATCHS" ADD CONSTRAINT "FK_GRANDPRIXES_TO_MATCHS" FOREIGN KEY ("GRND_NO", "GRND_NUM")
	  REFERENCES "GRANDPRINGLES"."GRANDPRIXES" ("GRND_NO", "NUM") ENABLE;
--------------------------------------------------------
--  Ref Constraints for Table PARTICIPANT_APPLICATIONS
--------------------------------------------------------

  ALTER TABLE "GRANDPRINGLES"."PARTICIPANT_APPLICATIONS" ADD CONSTRAINT "FK_USERS_TO_PART_APPLI" FOREIGN KEY ("USER_NO")
	  REFERENCES "GRANDPRINGLES"."USERS" ("NO") ENABLE;
--------------------------------------------------------
--  Ref Constraints for Table PARTICIPATIONS
--------------------------------------------------------

  ALTER TABLE "GRANDPRINGLES"."PARTICIPATIONS" ADD CONSTRAINT "FK_GRAND_TO_PART" FOREIGN KEY ("GRND_NO", "GRND_NUM")
	  REFERENCES "GRANDPRINGLES"."GRANDPRIXES" ("GRND_NO", "NUM") ENABLE;
  ALTER TABLE "GRANDPRINGLES"."PARTICIPATIONS" ADD CONSTRAINT "FK_USERS_TO_PARTICIPATIONS" FOREIGN KEY ("USER_NO")
	  REFERENCES "GRANDPRINGLES"."USERS" ("NO") ENABLE;
--------------------------------------------------------
--  Ref Constraints for Table POTATOCHIPS
--------------------------------------------------------

  ALTER TABLE "GRANDPRINGLES"."POTATOCHIPS" ADD CONSTRAINT "FK_USERS_TO_POTATOCHIPS" FOREIGN KEY ("USER_NO")
	  REFERENCES "GRANDPRINGLES"."USERS" ("NO") ENABLE;
--------------------------------------------------------
--  Ref Constraints for Table PRIXES
--------------------------------------------------------

  ALTER TABLE "GRANDPRINGLES"."PRIXES" ADD CONSTRAINT "FK_GRANDPRIXES_TO_PRIXES" FOREIGN KEY ("GRND_NO", "GRND_NUM")
	  REFERENCES "GRANDPRINGLES"."GRANDPRIXES" ("GRND_NO", "NUM") ENABLE;
--------------------------------------------------------
--  Ref Constraints for Table PRIX_UPDATE_LOG
--------------------------------------------------------

  ALTER TABLE "GRANDPRINGLES"."PRIX_UPDATE_LOG" ADD CONSTRAINT "FK_PRIXES_TO_PRIX_UPDATE_LOG" FOREIGN KEY ("PRIX_NO")
	  REFERENCES "GRANDPRINGLES"."PRIXES" ("NO") ENABLE;
  ALTER TABLE "GRANDPRINGLES"."PRIX_UPDATE_LOG" ADD CONSTRAINT "FK_USERS_TO_PRIX_UPDATE_LOG" FOREIGN KEY ("MANAGER_NO")
	  REFERENCES "GRANDPRINGLES"."USERS" ("NO") ENABLE;
--------------------------------------------------------
--  Ref Constraints for Table RECORDS
--------------------------------------------------------

  ALTER TABLE "GRANDPRINGLES"."RECORDS" ADD CONSTRAINT "FK_GAMES_TO_RECORDS" FOREIGN KEY ("MATCH_NO", "SEQ")
	  REFERENCES "GRANDPRINGLES"."GAMES" ("MATCH_NO", "SEQ") ENABLE;
--------------------------------------------------------
--  Ref Constraints for Table SCHEDULE_UPDATE_LOG
--------------------------------------------------------

  ALTER TABLE "GRANDPRINGLES"."SCHEDULE_UPDATE_LOG" ADD CONSTRAINT "FK_USERS_TO_SCH_UPDATE_LOG" FOREIGN KEY ("MANAGER_NO")
	  REFERENCES "GRANDPRINGLES"."USERS" ("NO") ENABLE;
--------------------------------------------------------
--  Ref Constraints for Table TEAMS
--------------------------------------------------------

  ALTER TABLE "GRANDPRINGLES"."TEAMS" ADD CONSTRAINT "FK_GRANDPRIXES_TO_TEAMS" FOREIGN KEY ("GRND_NO", "GRND_NUM")
	  REFERENCES "GRANDPRINGLES"."GRANDPRIXES" ("GRND_NO", "NUM") ENABLE;
  ALTER TABLE "GRANDPRINGLES"."TEAMS" ADD CONSTRAINT "FK_USERS_TO_TEAMS" FOREIGN KEY ("LEADER_NO")
	  REFERENCES "GRANDPRINGLES"."USERS" ("NO") ENABLE;
--------------------------------------------------------
--  Ref Constraints for Table TEAM_MEMBERS
--------------------------------------------------------

  ALTER TABLE "GRANDPRINGLES"."TEAM_MEMBERS" ADD CONSTRAINT "FK_TEAMS_TO_TEAM_MEMBERS" FOREIGN KEY ("GRND_NO", "GRND_NUM", "LEADER_NO")
	  REFERENCES "GRANDPRINGLES"."TEAMS" ("GRND_NO", "GRND_NUM", "LEADER_NO") ENABLE;
  ALTER TABLE "GRANDPRINGLES"."TEAM_MEMBERS" ADD CONSTRAINT "FK_USERS_TO_TEAM_MEMBERS" FOREIGN KEY ("MEMBER_NO")
	  REFERENCES "GRANDPRINGLES"."USERS" ("NO") ENABLE;
--------------------------------------------------------
--  Ref Constraints for Table VOTES
--------------------------------------------------------

  ALTER TABLE "GRANDPRINGLES"."VOTES" ADD CONSTRAINT "FK_BOARDS_TO_VOTES" FOREIGN KEY ("BOARD_NO")
	  REFERENCES "GRANDPRINGLES"."BOARDS" ("BOARD_NO") ENABLE;
